,source_ip,time,status,size,referer,user_agent,resource
0,192.168.91.128,2022-09-30 05:32:27+00:00,200,615,,"Mozilla/5.0 (Windows NT 10.0; Win64; x64) AppleWebKit/537.36 (KHTML, like Gecko) Chrome/105.0.0.0 Safari/537.36",/
1,192.168.91.128,2022-09-30 05:32:30+00:00,304,0,,"Mozilla/5.0 (Windows NT 10.0; Win64; x64) AppleWebKit/537.36 (KHTML, like Gecko) Chrome/105.0.0.0 Safari/537.36",/
2,192.168.91.128,2022-09-30 05:35:57+00:00,200,615,,"Mozilla/5.0 (Macintosh; Intel Mac OS X 10_12_6) AppleWebKit/603.3.8 (KHTML, like Gecko) Version/10.1.2 Safari/603.3.8",/
3,192.168.91.128,2022-09-30 05:36:07+00:00,200,615,,"Mozilla/5.0 (Windows NT 10.0; Win64; x64) AppleWebKit/537.36 (KHTML, like Gecko) HeadlessChrome/71.0.3542.0 Safari/537.36",/
4,192.168.91.128,2022-09-30 05:36:41+00:00,304,0,,"Mozilla/5.0 (Windows NT 10.0; Win64; x64) AppleWebKit/537.36 (KHTML, like Gecko) Chrome/105.0.0.0 Safari/537.36",/
5,192.168.91.128,2022-09-30 05:40:39+00:00,200,56838,,"Mozilla/5.0 (Windows NT 10.0; Win64; x64) AppleWebKit/537.36 (KHTML, like Gecko) Chrome/105.0.0.0 Safari/537.36",/
6,192.168.91.128,2022-09-30 05:40:39+00:00,404,555,http://localhost/,"Mozilla/5.0 (Windows NT 10.0; Win64; x64) AppleWebKit/537.36 (KHTML, like Gecko) Chrome/105.0.0.0 Safari/537.36",/css/bootstrap.min.css
7,192.168.91.128,2022-09-30 05:40:39+00:00,404,555,http://localhost/,"Mozilla/5.0 (Windows NT 10.0; Win64; x64) AppleWebKit/537.36 (KHTML, like Gecko) Chrome/105.0.0.0 Safari/537.36",/css/animate.css
8,192.168.91.128,2022-09-30 05:40:39+00:00,404,555,http://localhost/,"Mozilla/5.0 (Windows NT 10.0; Win64; x64) AppleWebKit/537.36 (KHTML, like Gecko) Chrome/105.0.0.0 Safari/537.36",/css/owl.carousel.css
9,192.168.91.128,2022-09-30 05:40:39+00:00,404,555,http://localhost/,"Mozilla/5.0 (Windows NT 10.0; Win64; x64) AppleWebKit/537.36 (KHTML, like Gecko) Chrome/105.0.0.0 Safari/537.36",/css/nivo-lightbox.css
10,192.168.91.128,2022-09-30 05:40:39+00:00,404,555,http://localhost/,"Mozilla/5.0 (Windows NT 10.0; Win64; x64) AppleWebKit/537.36 (KHTML, like Gecko) Chrome/105.0.0.0 Safari/537.36",/css/LineIcons.css
11,192.168.91.128,2022-09-30 05:40:39+00:00,404,555,http://localhost/,"Mozilla/5.0 (Windows NT 10.0; Win64; x64) AppleWebKit/537.36 (KHTML, like Gecko) Chrome/105.0.0.0 Safari/537.36",/css/owl.theme.css
12,192.168.91.128,2022-09-30 05:40:39+00:00,404,555,http://localhost/,"Mozilla/5.0 (Windows NT 10.0; Win64; x64) AppleWebKit/537.36 (KHTML, like Gecko) Chrome/105.0.0.0 Safari/537.36",/css/magnific-popup.css
13,192.168.91.128,2022-09-30 05:40:39+00:00,404,555,http://localhost/,"Mozilla/5.0 (Windows NT 10.0; Win64; x64) AppleWebKit/537.36 (KHTML, like Gecko) Chrome/105.0.0.0 Safari/537.36",/css/main.css
14,192.168.91.128,2022-09-30 05:40:39+00:00,404,555,http://localhost/,"Mozilla/5.0 (Windows NT 10.0; Win64; x64) AppleWebKit/537.36 (KHTML, like Gecko) Chrome/105.0.0.0 Safari/537.36",/css/responsive.css
15,192.168.91.128,2022-09-30 05:40:39+00:00,404,555,http://localhost/,"Mozilla/5.0 (Windows NT 10.0; Win64; x64) AppleWebKit/537.36 (KHTML, like Gecko) Chrome/105.0.0.0 Safari/537.36",/js/jquery-min.js
16,192.168.91.128,2022-09-30 05:40:39+00:00,404,555,http://localhost/,"Mozilla/5.0 (Windows NT 10.0; Win64; x64) AppleWebKit/537.36 (KHTML, like Gecko) Chrome/105.0.0.0 Safari/537.36",/js/popper.min.js
17,192.168.91.128,2022-09-30 05:40:39+00:00,404,555,http://localhost/,"Mozilla/5.0 (Windows NT 10.0; Win64; x64) AppleWebKit/537.36 (KHTML, like Gecko) Chrome/105.0.0.0 Safari/537.36",/js/bootstrap.min.js
18,192.168.91.128,2022-09-30 05:40:39+00:00,404,555,http://localhost/,"Mozilla/5.0 (Windows NT 10.0; Win64; x64) AppleWebKit/537.36 (KHTML, like Gecko) Chrome/105.0.0.0 Safari/537.36",/js/owl.carousel.js
19,192.168.91.128,2022-09-30 05:40:39+00:00,404,555,http://localhost/,"Mozilla/5.0 (Windows NT 10.0; Win64; x64) AppleWebKit/537.36 (KHTML, like Gecko) Chrome/105.0.0.0 Safari/537.36",/js/jquery.nav.js
20,192.168.91.128,2022-09-30 05:40:39+00:00,404,555,http://localhost/,"Mozilla/5.0 (Windows NT 10.0; Win64; x64) AppleWebKit/537.36 (KHTML, like Gecko) Chrome/105.0.0.0 Safari/537.36",/js/scrolling-nav.js
21,192.168.91.128,2022-09-30 05:40:39+00:00,404,555,http://localhost/,"Mozilla/5.0 (Windows NT 10.0; Win64; x64) AppleWebKit/537.36 (KHTML, like Gecko) Chrome/105.0.0.0 Safari/537.36",/js/jquery.easing.min.js
22,192.168.91.128,2022-09-30 05:40:39+00:00,404,555,http://localhost/,"Mozilla/5.0 (Windows NT 10.0; Win64; x64) AppleWebKit/537.36 (KHTML, like Gecko) Chrome/105.0.0.0 Safari/537.36",/js/jquery.magnific-popup.min.js
23,192.168.91.128,2022-09-30 05:40:39+00:00,404,555,http://localhost/,"Mozilla/5.0 (Windows NT 10.0; Win64; x64) AppleWebKit/537.36 (KHTML, like Gecko) Chrome/105.0.0.0 Safari/537.36",/js/main.js
24,192.168.91.128,2022-09-30 05:40:39+00:00,404,555,http://localhost/,"Mozilla/5.0 (Windows NT 10.0; Win64; x64) AppleWebKit/537.36 (KHTML, like Gecko) Chrome/105.0.0.0 Safari/537.36",/js/nivo-lightbox.js
25,192.168.91.128,2022-09-30 05:40:39+00:00,404,555,http://localhost/,"Mozilla/5.0 (Windows NT 10.0; Win64; x64) AppleWebKit/537.36 (KHTML, like Gecko) Chrome/105.0.0.0 Safari/537.36",/img/intro.png
26,192.168.91.128,2022-09-30 05:40:39+00:00,404,555,http://localhost/,"Mozilla/5.0 (Windows NT 10.0; Win64; x64) AppleWebKit/537.36 (KHTML, like Gecko) Chrome/105.0.0.0 Safari/537.36",/img/logo.png
27,192.168.91.128,2022-09-30 05:40:39+00:00,404,555,http://localhost/,"Mozilla/5.0 (Windows NT 10.0; Win64; x64) AppleWebKit/537.36 (KHTML, like Gecko) Chrome/105.0.0.0 Safari/537.36",/img/business/business-img.png
28,192.168.91.128,2022-09-30 05:40:39+00:00,404,555,http://localhost/,"Mozilla/5.0 (Windows NT 10.0; Win64; x64) AppleWebKit/537.36 (KHTML, like Gecko) Chrome/105.0.0.0 Safari/537.36",/img/showcase/01.jpg
29,192.168.91.128,2022-09-30 05:40:39+00:00,404,555,http://localhost/,"Mozilla/5.0 (Windows NT 10.0; Win64; x64) AppleWebKit/537.36 (KHTML, like Gecko) Chrome/105.0.0.0 Safari/537.36",/img/showcase/02.jpg
30,192.168.91.128,2022-09-30 05:40:39+00:00,404,555,http://localhost/,"Mozilla/5.0 (Windows NT 10.0; Win64; x64) AppleWebKit/537.36 (KHTML, like Gecko) Chrome/105.0.0.0 Safari/537.36",/img/showcase/05.jpg
31,192.168.91.128,2022-09-30 05:40:39+00:00,404,555,http://localhost/,"Mozilla/5.0 (Windows NT 10.0; Win64; x64) AppleWebKit/537.36 (KHTML, like Gecko) Chrome/105.0.0.0 Safari/537.36",/img/showcase/04.jpg
32,192.168.91.128,2022-09-30 05:40:39+00:00,404,555,http://localhost/,"Mozilla/5.0 (Windows NT 10.0; Win64; x64) AppleWebKit/537.36 (KHTML, like Gecko) Chrome/105.0.0.0 Safari/537.36",/img/showcase/03.jpg
33,192.168.91.128,2022-09-30 05:40:39+00:00,404,555,http://localhost/,"Mozilla/5.0 (Windows NT 10.0; Win64; x64) AppleWebKit/537.36 (KHTML, like Gecko) Chrome/105.0.0.0 Safari/537.36",/img/testimonial/01.png
34,192.168.91.128,2022-09-30 05:40:39+00:00,404,555,http://localhost/,"Mozilla/5.0 (Windows NT 10.0; Win64; x64) AppleWebKit/537.36 (KHTML, like Gecko) Chrome/105.0.0.0 Safari/537.36",/img/team/01.jpg
35,192.168.91.128,2022-09-30 05:40:39+00:00,404,555,http://localhost/,"Mozilla/5.0 (Windows NT 10.0; Win64; x64) AppleWebKit/537.36 (KHTML, like Gecko) Chrome/105.0.0.0 Safari/537.36",/img/team/02.jpg
36,192.168.91.128,2022-09-30 05:40:39+00:00,404,555,http://localhost/,"Mozilla/5.0 (Windows NT 10.0; Win64; x64) AppleWebKit/537.36 (KHTML, like Gecko) Chrome/105.0.0.0 Safari/537.36",/img/team/03.jpg
37,192.168.91.128,2022-09-30 05:40:39+00:00,404,555,http://localhost/,"Mozilla/5.0 (Windows NT 10.0; Win64; x64) AppleWebKit/537.36 (KHTML, like Gecko) Chrome/105.0.0.0 Safari/537.36",/img/team/04.jpg
38,192.168.91.128,2022-09-30 05:40:39+00:00,404,555,http://localhost/,"Mozilla/5.0 (Windows NT 10.0; Win64; x64) AppleWebKit/537.36 (KHTML, like Gecko) Chrome/105.0.0.0 Safari/537.36",/img/blog/01.jpg
39,192.168.91.128,2022-09-30 05:40:39+00:00,404,555,http://localhost/,"Mozilla/5.0 (Windows NT 10.0; Win64; x64) AppleWebKit/537.36 (KHTML, like Gecko) Chrome/105.0.0.0 Safari/537.36",/img/blog/02.jpg
40,192.168.91.128,2022-09-30 05:40:39+00:00,404,555,http://localhost/,"Mozilla/5.0 (Windows NT 10.0; Win64; x64) AppleWebKit/537.36 (KHTML, like Gecko) Chrome/105.0.0.0 Safari/537.36",/img/blog/03.jpg
41,192.168.91.128,2022-09-30 05:40:39+00:00,404,555,http://localhost/,"Mozilla/5.0 (Windows NT 10.0; Win64; x64) AppleWebKit/537.36 (KHTML, like Gecko) Chrome/105.0.0.0 Safari/537.36",/img/contact/01.png
42,192.168.91.128,2022-09-30 05:40:39+00:00,404,555,http://localhost/,"Mozilla/5.0 (Windows NT 10.0; Win64; x64) AppleWebKit/537.36 (KHTML, like Gecko) Chrome/105.0.0.0 Safari/537.36",/img/footer-logo.png
43,192.168.91.128,2022-09-30 05:40:39+00:00,404,555,http://localhost/,"Mozilla/5.0 (Windows NT 10.0; Win64; x64) AppleWebKit/537.36 (KHTML, like Gecko) Chrome/105.0.0.0 Safari/537.36",/img/2.png
44,192.168.91.128,2022-09-30 05:40:39+00:00,404,555,http://localhost/,"Mozilla/5.0 (Windows NT 10.0; Win64; x64) AppleWebKit/537.36 (KHTML, like Gecko) Chrome/105.0.0.0 Safari/537.36",/img/2.png
45,192.168.91.128,2022-09-30 05:41:31+00:00,200,56875,,"Mozilla/5.0 (Windows NT 10.0; Win64; x64) AppleWebKit/537.36 (KHTML, like Gecko) Chrome/105.0.0.0 Safari/537.36",/
46,192.168.91.128,2022-09-30 05:41:32+00:00,404,555,http://localhost/,"Mozilla/5.0 (Windows NT 10.0; Win64; x64) AppleWebKit/537.36 (KHTML, like Gecko) Chrome/105.0.0.0 Safari/537.36",/css/bootstrap.min.css
47,192.168.91.128,2022-09-30 05:41:32+00:00,404,555,http://localhost/,"Mozilla/5.0 (Windows NT 10.0; Win64; x64) AppleWebKit/537.36 (KHTML, like Gecko) Chrome/105.0.0.0 Safari/537.36",/css/LineIcons.css
48,192.168.91.128,2022-09-30 05:41:32+00:00,404,555,http://localhost/,"Mozilla/5.0 (Windows NT 10.0; Win64; x64) AppleWebKit/537.36 (KHTML, like Gecko) Chrome/105.0.0.0 Safari/537.36",/css/animate.css
49,192.168.91.128,2022-09-30 05:41:32+00:00,404,555,http://localhost/,"Mozilla/5.0 (Windows NT 10.0; Win64; x64) AppleWebKit/537.36 (KHTML, like Gecko) Chrome/105.0.0.0 Safari/537.36",/css/magnific-popup.css
50,192.168.91.128,2022-09-30 05:41:32+00:00,404,555,http://localhost/,"Mozilla/5.0 (Windows NT 10.0; Win64; x64) AppleWebKit/537.36 (KHTML, like Gecko) Chrome/105.0.0.0 Safari/537.36",/css/owl.carousel.css
51,192.168.91.128,2022-09-30 05:41:32+00:00,404,555,http://localhost/,"Mozilla/5.0 (Windows NT 10.0; Win64; x64) AppleWebKit/537.36 (KHTML, like Gecko) Chrome/105.0.0.0 Safari/537.36",/css/owl.theme.css
52,192.168.91.128,2022-09-30 05:41:32+00:00,404,555,http://localhost/,"Mozilla/5.0 (Windows NT 10.0; Win64; x64) AppleWebKit/537.36 (KHTML, like Gecko) Chrome/105.0.0.0 Safari/537.36",/css/nivo-lightbox.css
53,192.168.91.128,2022-09-30 05:41:32+00:00,404,555,http://localhost/,"Mozilla/5.0 (Windows NT 10.0; Win64; x64) AppleWebKit/537.36 (KHTML, like Gecko) Chrome/105.0.0.0 Safari/537.36",/css/responsive.css
54,192.168.91.128,2022-09-30 05:41:32+00:00,404,555,http://localhost/,"Mozilla/5.0 (Windows NT 10.0; Win64; x64) AppleWebKit/537.36 (KHTML, like Gecko) Chrome/105.0.0.0 Safari/537.36",/css/main.css
55,192.168.91.128,2022-09-30 05:41:32+00:00,404,555,http://localhost/,"Mozilla/5.0 (Windows NT 10.0; Win64; x64) AppleWebKit/537.36 (KHTML, like Gecko) Chrome/105.0.0.0 Safari/537.36",/js/jquery-min.js
56,192.168.91.128,2022-09-30 05:41:32+00:00,404,555,http://localhost/,"Mozilla/5.0 (Windows NT 10.0; Win64; x64) AppleWebKit/537.36 (KHTML, like Gecko) Chrome/105.0.0.0 Safari/537.36",/js/bootstrap.min.js
57,192.168.91.128,2022-09-30 05:41:32+00:00,404,555,http://localhost/,"Mozilla/5.0 (Windows NT 10.0; Win64; x64) AppleWebKit/537.36 (KHTML, like Gecko) Chrome/105.0.0.0 Safari/537.36",/js/popper.min.js
58,192.168.91.128,2022-09-30 05:41:32+00:00,404,555,http://localhost/,"Mozilla/5.0 (Windows NT 10.0; Win64; x64) AppleWebKit/537.36 (KHTML, like Gecko) Chrome/105.0.0.0 Safari/537.36",/js/owl.carousel.js
59,192.168.91.128,2022-09-30 05:41:32+00:00,404,555,http://localhost/,"Mozilla/5.0 (Windows NT 10.0; Win64; x64) AppleWebKit/537.36 (KHTML, like Gecko) Chrome/105.0.0.0 Safari/537.36",/js/jquery.nav.js
60,192.168.91.128,2022-09-30 05:41:32+00:00,404,555,http://localhost/,"Mozilla/5.0 (Windows NT 10.0; Win64; x64) AppleWebKit/537.36 (KHTML, like Gecko) Chrome/105.0.0.0 Safari/537.36",/js/scrolling-nav.js
61,192.168.91.128,2022-09-30 05:41:32+00:00,404,555,http://localhost/,"Mozilla/5.0 (Windows NT 10.0; Win64; x64) AppleWebKit/537.36 (KHTML, like Gecko) Chrome/105.0.0.0 Safari/537.36",/img/logo.png
62,192.168.91.128,2022-09-30 05:41:32+00:00,404,555,http://localhost/,"Mozilla/5.0 (Windows NT 10.0; Win64; x64) AppleWebKit/537.36 (KHTML, like Gecko) Chrome/105.0.0.0 Safari/537.36",/img/intro.png
63,192.168.91.128,2022-09-30 05:41:32+00:00,404,555,http://localhost/,"Mozilla/5.0 (Windows NT 10.0; Win64; x64) AppleWebKit/537.36 (KHTML, like Gecko) Chrome/105.0.0.0 Safari/537.36",/js/jquery.easing.min.js
64,192.168.91.128,2022-09-30 05:41:32+00:00,404,555,http://localhost/,"Mozilla/5.0 (Windows NT 10.0; Win64; x64) AppleWebKit/537.36 (KHTML, like Gecko) Chrome/105.0.0.0 Safari/537.36",/js/nivo-lightbox.js
65,192.168.91.128,2022-09-30 05:41:32+00:00,404,555,http://localhost/,"Mozilla/5.0 (Windows NT 10.0; Win64; x64) AppleWebKit/537.36 (KHTML, like Gecko) Chrome/105.0.0.0 Safari/537.36",/js/jquery.magnific-popup.min.js
66,192.168.91.128,2022-09-30 05:41:32+00:00,404,555,http://localhost/,"Mozilla/5.0 (Windows NT 10.0; Win64; x64) AppleWebKit/537.36 (KHTML, like Gecko) Chrome/105.0.0.0 Safari/537.36",/js/main.js
67,192.168.91.128,2022-09-30 05:41:32+00:00,404,555,http://localhost/,"Mozilla/5.0 (Windows NT 10.0; Win64; x64) AppleWebKit/537.36 (KHTML, like Gecko) Chrome/105.0.0.0 Safari/537.36",/img/business/business-img.png
68,192.168.91.128,2022-09-30 05:41:32+00:00,404,555,http://localhost/,"Mozilla/5.0 (Windows NT 10.0; Win64; x64) AppleWebKit/537.36 (KHTML, like Gecko) Chrome/105.0.0.0 Safari/537.36",/img/showcase/01.jpg
69,192.168.91.128,2022-09-30 05:41:32+00:00,404,555,http://localhost/,"Mozilla/5.0 (Windows NT 10.0; Win64; x64) AppleWebKit/537.36 (KHTML, like Gecko) Chrome/105.0.0.0 Safari/537.36",/img/showcase/02.jpg
70,192.168.91.128,2022-09-30 05:41:32+00:00,404,555,http://localhost/,"Mozilla/5.0 (Windows NT 10.0; Win64; x64) AppleWebKit/537.36 (KHTML, like Gecko) Chrome/105.0.0.0 Safari/537.36",/img/showcase/03.jpg
71,192.168.91.128,2022-09-30 05:41:32+00:00,404,555,http://localhost/,"Mozilla/5.0 (Windows NT 10.0; Win64; x64) AppleWebKit/537.36 (KHTML, like Gecko) Chrome/105.0.0.0 Safari/537.36",/img/showcase/04.jpg
72,192.168.91.128,2022-09-30 05:41:32+00:00,404,555,http://localhost/,"Mozilla/5.0 (Windows NT 10.0; Win64; x64) AppleWebKit/537.36 (KHTML, like Gecko) Chrome/105.0.0.0 Safari/537.36",/img/testimonial/01.png
73,192.168.91.128,2022-09-30 05:41:32+00:00,404,555,http://localhost/,"Mozilla/5.0 (Windows NT 10.0; Win64; x64) AppleWebKit/537.36 (KHTML, like Gecko) Chrome/105.0.0.0 Safari/537.36",/img/showcase/05.jpg
74,192.168.91.128,2022-09-30 05:41:32+00:00,404,555,http://localhost/,"Mozilla/5.0 (Windows NT 10.0; Win64; x64) AppleWebKit/537.36 (KHTML, like Gecko) Chrome/105.0.0.0 Safari/537.36",/img/team/01.jpg
75,192.168.91.128,2022-09-30 05:41:32+00:00,404,555,http://localhost/,"Mozilla/5.0 (Windows NT 10.0; Win64; x64) AppleWebKit/537.36 (KHTML, like Gecko) Chrome/105.0.0.0 Safari/537.36",/img/team/02.jpg
76,192.168.91.128,2022-09-30 05:41:32+00:00,404,555,http://localhost/,"Mozilla/5.0 (Windows NT 10.0; Win64; x64) AppleWebKit/537.36 (KHTML, like Gecko) Chrome/105.0.0.0 Safari/537.36",/img/team/04.jpg
77,192.168.91.128,2022-09-30 05:41:32+00:00,404,555,http://localhost/,"Mozilla/5.0 (Windows NT 10.0; Win64; x64) AppleWebKit/537.36 (KHTML, like Gecko) Chrome/105.0.0.0 Safari/537.36",/img/team/03.jpg
78,192.168.91.128,2022-09-30 05:41:32+00:00,404,555,http://localhost/,"Mozilla/5.0 (Windows NT 10.0; Win64; x64) AppleWebKit/537.36 (KHTML, like Gecko) Chrome/105.0.0.0 Safari/537.36",/img/blog/01.jpg
79,192.168.91.128,2022-09-30 05:41:32+00:00,404,555,http://localhost/,"Mozilla/5.0 (Windows NT 10.0; Win64; x64) AppleWebKit/537.36 (KHTML, like Gecko) Chrome/105.0.0.0 Safari/537.36",/img/blog/02.jpg
80,192.168.91.128,2022-09-30 05:41:32+00:00,404,555,http://localhost/,"Mozilla/5.0 (Windows NT 10.0; Win64; x64) AppleWebKit/537.36 (KHTML, like Gecko) Chrome/105.0.0.0 Safari/537.36",/img/blog/03.jpg
81,192.168.91.128,2022-09-30 05:41:32+00:00,404,555,http://localhost/,"Mozilla/5.0 (Windows NT 10.0; Win64; x64) AppleWebKit/537.36 (KHTML, like Gecko) Chrome/105.0.0.0 Safari/537.36",/img/contact/01.png
82,192.168.91.128,2022-09-30 05:41:32+00:00,404,555,http://localhost/,"Mozilla/5.0 (Windows NT 10.0; Win64; x64) AppleWebKit/537.36 (KHTML, like Gecko) Chrome/105.0.0.0 Safari/537.36",/img/footer-logo.png
83,192.168.91.128,2022-09-30 05:41:32+00:00,404,555,http://localhost/,"Mozilla/5.0 (Windows NT 10.0; Win64; x64) AppleWebKit/537.36 (KHTML, like Gecko) Chrome/105.0.0.0 Safari/537.36",/img/2.png
84,192.168.91.128,2022-09-30 05:41:33+00:00,304,0,,"Mozilla/5.0 (Windows NT 10.0; Win64; x64) AppleWebKit/537.36 (KHTML, like Gecko) Chrome/105.0.0.0 Safari/537.36",/
85,192.168.91.128,2022-09-30 05:41:33+00:00,404,555,http://localhost/,"Mozilla/5.0 (Windows NT 10.0; Win64; x64) AppleWebKit/537.36 (KHTML, like Gecko) Chrome/105.0.0.0 Safari/537.36",/css/bootstrap.min.css
86,192.168.91.128,2022-09-30 05:41:33+00:00,404,555,http://localhost/,"Mozilla/5.0 (Windows NT 10.0; Win64; x64) AppleWebKit/537.36 (KHTML, like Gecko) Chrome/105.0.0.0 Safari/537.36",/css/LineIcons.css
87,192.168.91.128,2022-09-30 05:41:33+00:00,404,555,http://localhost/,"Mozilla/5.0 (Windows NT 10.0; Win64; x64) AppleWebKit/537.36 (KHTML, like Gecko) Chrome/105.0.0.0 Safari/537.36",/css/owl.theme.css
88,192.168.91.128,2022-09-30 05:41:33+00:00,404,555,http://localhost/,"Mozilla/5.0 (Windows NT 10.0; Win64; x64) AppleWebKit/537.36 (KHTML, like Gecko) Chrome/105.0.0.0 Safari/537.36",/css/owl.carousel.css
89,192.168.91.128,2022-09-30 05:41:33+00:00,404,555,http://localhost/,"Mozilla/5.0 (Windows NT 10.0; Win64; x64) AppleWebKit/537.36 (KHTML, like Gecko) Chrome/105.0.0.0 Safari/537.36",/css/magnific-popup.css
90,192.168.91.128,2022-09-30 05:41:33+00:00,404,555,http://localhost/,"Mozilla/5.0 (Windows NT 10.0; Win64; x64) AppleWebKit/537.36 (KHTML, like Gecko) Chrome/105.0.0.0 Safari/537.36",/css/animate.css
91,192.168.91.128,2022-09-30 05:41:33+00:00,404,555,http://localhost/,"Mozilla/5.0 (Windows NT 10.0; Win64; x64) AppleWebKit/537.36 (KHTML, like Gecko) Chrome/105.0.0.0 Safari/537.36",/css/nivo-lightbox.css
92,192.168.91.128,2022-09-30 05:41:33+00:00,404,555,http://localhost/,"Mozilla/5.0 (Windows NT 10.0; Win64; x64) AppleWebKit/537.36 (KHTML, like Gecko) Chrome/105.0.0.0 Safari/537.36",/css/responsive.css
93,192.168.91.128,2022-09-30 05:41:33+00:00,404,555,http://localhost/,"Mozilla/5.0 (Windows NT 10.0; Win64; x64) AppleWebKit/537.36 (KHTML, like Gecko) Chrome/105.0.0.0 Safari/537.36",/css/main.css
94,192.168.91.128,2022-09-30 05:41:33+00:00,404,555,http://localhost/,"Mozilla/5.0 (Windows NT 10.0; Win64; x64) AppleWebKit/537.36 (KHTML, like Gecko) Chrome/105.0.0.0 Safari/537.36",/js/jquery-min.js
95,192.168.91.128,2022-09-30 05:41:33+00:00,404,555,http://localhost/,"Mozilla/5.0 (Windows NT 10.0; Win64; x64) AppleWebKit/537.36 (KHTML, like Gecko) Chrome/105.0.0.0 Safari/537.36",/js/bootstrap.min.js
96,192.168.91.128,2022-09-30 05:41:33+00:00,404,555,http://localhost/,"Mozilla/5.0 (Windows NT 10.0; Win64; x64) AppleWebKit/537.36 (KHTML, like Gecko) Chrome/105.0.0.0 Safari/537.36",/js/scrolling-nav.js
97,192.168.91.128,2022-09-30 05:41:33+00:00,404,555,http://localhost/,"Mozilla/5.0 (Windows NT 10.0; Win64; x64) AppleWebKit/537.36 (KHTML, like Gecko) Chrome/105.0.0.0 Safari/537.36",/js/popper.min.js
98,192.168.91.128,2022-09-30 05:41:33+00:00,404,555,http://localhost/,"Mozilla/5.0 (Windows NT 10.0; Win64; x64) AppleWebKit/537.36 (KHTML, like Gecko) Chrome/105.0.0.0 Safari/537.36",/js/owl.carousel.js
99,192.168.91.128,2022-09-30 05:41:33+00:00,404,555,http://localhost/,"Mozilla/5.0 (Windows NT 10.0; Win64; x64) AppleWebKit/537.36 (KHTML, like Gecko) Chrome/105.0.0.0 Safari/537.36",/js/jquery.nav.js
100,192.168.91.128,2022-09-30 05:41:33+00:00,404,555,http://localhost/,"Mozilla/5.0 (Windows NT 10.0; Win64; x64) AppleWebKit/537.36 (KHTML, like Gecko) Chrome/105.0.0.0 Safari/537.36",/js/jquery.easing.min.js
101,192.168.91.128,2022-09-30 05:41:33+00:00,404,555,http://localhost/,"Mozilla/5.0 (Windows NT 10.0; Win64; x64) AppleWebKit/537.36 (KHTML, like Gecko) Chrome/105.0.0.0 Safari/537.36",/js/nivo-lightbox.js
102,192.168.91.128,2022-09-30 05:41:33+00:00,404,555,http://localhost/,"Mozilla/5.0 (Windows NT 10.0; Win64; x64) AppleWebKit/537.36 (KHTML, like Gecko) Chrome/105.0.0.0 Safari/537.36",/js/main.js
103,192.168.91.128,2022-09-30 05:41:33+00:00,404,555,http://localhost/,"Mozilla/5.0 (Windows NT 10.0; Win64; x64) AppleWebKit/537.36 (KHTML, like Gecko) Chrome/105.0.0.0 Safari/537.36",/js/jquery.magnific-popup.min.js
104,192.168.91.128,2022-09-30 05:41:33+00:00,404,555,http://localhost/,"Mozilla/5.0 (Windows NT 10.0; Win64; x64) AppleWebKit/537.36 (KHTML, like Gecko) Chrome/105.0.0.0 Safari/537.36",/img/logo.png
105,192.168.91.128,2022-09-30 05:41:33+00:00,404,555,http://localhost/,"Mozilla/5.0 (Windows NT 10.0; Win64; x64) AppleWebKit/537.36 (KHTML, like Gecko) Chrome/105.0.0.0 Safari/537.36",/img/intro.png
106,192.168.91.128,2022-09-30 05:41:33+00:00,404,555,http://localhost/,"Mozilla/5.0 (Windows NT 10.0; Win64; x64) AppleWebKit/537.36 (KHTML, like Gecko) Chrome/105.0.0.0 Safari/537.36",/img/business/business-img.png
107,192.168.91.128,2022-09-30 05:41:33+00:00,404,555,http://localhost/,"Mozilla/5.0 (Windows NT 10.0; Win64; x64) AppleWebKit/537.36 (KHTML, like Gecko) Chrome/105.0.0.0 Safari/537.36",/img/showcase/01.jpg
108,192.168.91.128,2022-09-30 05:41:33+00:00,404,555,http://localhost/,"Mozilla/5.0 (Windows NT 10.0; Win64; x64) AppleWebKit/537.36 (KHTML, like Gecko) Chrome/105.0.0.0 Safari/537.36",/img/showcase/03.jpg
109,192.168.91.128,2022-09-30 05:41:33+00:00,404,555,http://localhost/,"Mozilla/5.0 (Windows NT 10.0; Win64; x64) AppleWebKit/537.36 (KHTML, like Gecko) Chrome/105.0.0.0 Safari/537.36",/img/showcase/02.jpg
110,192.168.91.128,2022-09-30 05:41:33+00:00,404,555,http://localhost/,"Mozilla/5.0 (Windows NT 10.0; Win64; x64) AppleWebKit/537.36 (KHTML, like Gecko) Chrome/105.0.0.0 Safari/537.36",/img/showcase/04.jpg
111,192.168.91.128,2022-09-30 05:41:33+00:00,404,555,http://localhost/,"Mozilla/5.0 (Windows NT 10.0; Win64; x64) AppleWebKit/537.36 (KHTML, like Gecko) Chrome/105.0.0.0 Safari/537.36",/img/showcase/05.jpg
112,192.168.91.128,2022-09-30 05:41:33+00:00,404,555,http://localhost/,"Mozilla/5.0 (Windows NT 10.0; Win64; x64) AppleWebKit/537.36 (KHTML, like Gecko) Chrome/105.0.0.0 Safari/537.36",/img/testimonial/01.png
113,192.168.91.128,2022-09-30 05:41:33+00:00,404,555,http://localhost/,"Mozilla/5.0 (Windows NT 10.0; Win64; x64) AppleWebKit/537.36 (KHTML, like Gecko) Chrome/105.0.0.0 Safari/537.36",/img/team/01.jpg
114,192.168.91.128,2022-09-30 05:41:33+00:00,404,555,http://localhost/,"Mozilla/5.0 (Windows NT 10.0; Win64; x64) AppleWebKit/537.36 (KHTML, like Gecko) Chrome/105.0.0.0 Safari/537.36",/img/team/02.jpg
115,192.168.91.128,2022-09-30 05:41:33+00:00,404,555,http://localhost/,"Mozilla/5.0 (Windows NT 10.0; Win64; x64) AppleWebKit/537.36 (KHTML, like Gecko) Chrome/105.0.0.0 Safari/537.36",/img/team/04.jpg
116,192.168.91.128,2022-09-30 05:41:33+00:00,404,555,http://localhost/,"Mozilla/5.0 (Windows NT 10.0; Win64; x64) AppleWebKit/537.36 (KHTML, like Gecko) Chrome/105.0.0.0 Safari/537.36",/img/team/03.jpg
117,192.168.91.128,2022-09-30 05:41:33+00:00,404,555,http://localhost/,"Mozilla/5.0 (Windows NT 10.0; Win64; x64) AppleWebKit/537.36 (KHTML, like Gecko) Chrome/105.0.0.0 Safari/537.36",/img/blog/01.jpg
118,192.168.91.128,2022-09-30 05:41:33+00:00,404,555,http://localhost/,"Mozilla/5.0 (Windows NT 10.0; Win64; x64) AppleWebKit/537.36 (KHTML, like Gecko) Chrome/105.0.0.0 Safari/537.36",/img/blog/02.jpg
119,192.168.91.128,2022-09-30 05:41:33+00:00,404,555,http://localhost/,"Mozilla/5.0 (Windows NT 10.0; Win64; x64) AppleWebKit/537.36 (KHTML, like Gecko) Chrome/105.0.0.0 Safari/537.36",/img/blog/03.jpg
120,192.168.91.128,2022-09-30 05:41:33+00:00,404,555,http://localhost/,"Mozilla/5.0 (Windows NT 10.0; Win64; x64) AppleWebKit/537.36 (KHTML, like Gecko) Chrome/105.0.0.0 Safari/537.36",/img/contact/01.png
121,192.168.91.128,2022-09-30 05:41:33+00:00,404,555,http://localhost/,"Mozilla/5.0 (Windows NT 10.0; Win64; x64) AppleWebKit/537.36 (KHTML, like Gecko) Chrome/105.0.0.0 Safari/537.36",/img/footer-logo.png
122,192.168.91.128,2022-09-30 05:41:33+00:00,404,555,http://localhost/,"Mozilla/5.0 (Windows NT 10.0; Win64; x64) AppleWebKit/537.36 (KHTML, like Gecko) Chrome/105.0.0.0 Safari/537.36",/img/2.png
123,192.168.91.128,2022-09-30 05:41:47+00:00,200,56875,,"Mozilla/5.0 (Macintosh; Intel Mac OS X 10_12_6) AppleWebKit/603.3.8 (KHTML, like Gecko) Version/10.1.2 Safari/603.3.8",/
124,192.168.91.128,2022-09-30 05:41:47+00:00,200,56875,,"Mozilla/5.0 (Windows NT 10.0; Win64; x64) AppleWebKit/537.36 (KHTML, like Gecko) HeadlessChrome/71.0.3542.0 Safari/537.36",/
125,192.168.91.128,2022-09-30 05:41:47+00:00,404,555,http://localhost/,"Mozilla/5.0 (Windows NT 10.0; Win64; x64) AppleWebKit/537.36 (KHTML, like Gecko) HeadlessChrome/71.0.3542.0 Safari/537.36",/css/bootstrap.min.css
126,192.168.91.128,2022-09-30 05:41:47+00:00,404,555,http://localhost/,"Mozilla/5.0 (Windows NT 10.0; Win64; x64) AppleWebKit/537.36 (KHTML, like Gecko) HeadlessChrome/71.0.3542.0 Safari/537.36",/css/animate.css
127,192.168.91.128,2022-09-30 05:41:47+00:00,404,555,http://localhost/,"Mozilla/5.0 (Windows NT 10.0; Win64; x64) AppleWebKit/537.36 (KHTML, like Gecko) HeadlessChrome/71.0.3542.0 Safari/537.36",/css/LineIcons.css
128,192.168.91.128,2022-09-30 05:41:47+00:00,404,555,http://localhost/,"Mozilla/5.0 (Windows NT 10.0; Win64; x64) AppleWebKit/537.36 (KHTML, like Gecko) HeadlessChrome/71.0.3542.0 Safari/537.36",/css/owl.theme.css
129,192.168.91.128,2022-09-30 05:41:47+00:00,404,555,http://localhost/,"Mozilla/5.0 (Windows NT 10.0; Win64; x64) AppleWebKit/537.36 (KHTML, like Gecko) HeadlessChrome/71.0.3542.0 Safari/537.36",/css/owl.carousel.css
130,192.168.91.128,2022-09-30 05:41:47+00:00,404,555,http://localhost/,"Mozilla/5.0 (Windows NT 10.0; Win64; x64) AppleWebKit/537.36 (KHTML, like Gecko) HeadlessChrome/71.0.3542.0 Safari/537.36",/css/magnific-popup.css
131,192.168.91.128,2022-09-30 05:41:47+00:00,404,555,http://localhost/,"Mozilla/5.0 (Windows NT 10.0; Win64; x64) AppleWebKit/537.36 (KHTML, like Gecko) HeadlessChrome/71.0.3542.0 Safari/537.36",/css/nivo-lightbox.css
132,192.168.91.128,2022-09-30 05:41:47+00:00,404,555,http://localhost/,"Mozilla/5.0 (Windows NT 10.0; Win64; x64) AppleWebKit/537.36 (KHTML, like Gecko) HeadlessChrome/71.0.3542.0 Safari/537.36",/css/main.css
133,192.168.91.128,2022-09-30 05:41:47+00:00,404,555,http://localhost/,"Mozilla/5.0 (Windows NT 10.0; Win64; x64) AppleWebKit/537.36 (KHTML, like Gecko) HeadlessChrome/71.0.3542.0 Safari/537.36",/css/responsive.css
134,192.168.91.128,2022-09-30 05:41:47+00:00,404,555,http://localhost/,"Mozilla/5.0 (Windows NT 10.0; Win64; x64) AppleWebKit/537.36 (KHTML, like Gecko) HeadlessChrome/71.0.3542.0 Safari/537.36",/js/popper.min.js
135,192.168.91.128,2022-09-30 05:41:47+00:00,404,555,http://localhost/,"Mozilla/5.0 (Windows NT 10.0; Win64; x64) AppleWebKit/537.36 (KHTML, like Gecko) HeadlessChrome/71.0.3542.0 Safari/537.36",/js/jquery-min.js
136,192.168.91.128,2022-09-30 05:41:47+00:00,404,555,http://localhost/,"Mozilla/5.0 (Windows NT 10.0; Win64; x64) AppleWebKit/537.36 (KHTML, like Gecko) HeadlessChrome/71.0.3542.0 Safari/537.36",/js/jquery.nav.js
137,192.168.91.128,2022-09-30 05:41:47+00:00,404,555,http://localhost/,"Mozilla/5.0 (Windows NT 10.0; Win64; x64) AppleWebKit/537.36 (KHTML, like Gecko) HeadlessChrome/71.0.3542.0 Safari/537.36",/js/scrolling-nav.js
138,192.168.91.128,2022-09-30 05:41:47+00:00,404,555,http://localhost/,"Mozilla/5.0 (Windows NT 10.0; Win64; x64) AppleWebKit/537.36 (KHTML, like Gecko) HeadlessChrome/71.0.3542.0 Safari/537.36",/js/bootstrap.min.js
139,192.168.91.128,2022-09-30 05:41:47+00:00,404,555,http://localhost/,"Mozilla/5.0 (Windows NT 10.0; Win64; x64) AppleWebKit/537.36 (KHTML, like Gecko) HeadlessChrome/71.0.3542.0 Safari/537.36",/js/owl.carousel.js
140,192.168.91.128,2022-09-30 05:41:48+00:00,404,555,http://localhost/,"Mozilla/5.0 (Windows NT 10.0; Win64; x64) AppleWebKit/537.36 (KHTML, like Gecko) HeadlessChrome/71.0.3542.0 Safari/537.36",/js/jquery.easing.min.js
141,192.168.91.128,2022-09-30 05:41:48+00:00,404,555,http://localhost/,"Mozilla/5.0 (Windows NT 10.0; Win64; x64) AppleWebKit/537.36 (KHTML, like Gecko) HeadlessChrome/71.0.3542.0 Safari/537.36",/js/jquery.magnific-popup.min.js
142,192.168.91.128,2022-09-30 05:41:48+00:00,404,555,http://localhost/,"Mozilla/5.0 (Windows NT 10.0; Win64; x64) AppleWebKit/537.36 (KHTML, like Gecko) HeadlessChrome/71.0.3542.0 Safari/537.36",/img/logo.png
143,192.168.91.128,2022-09-30 05:41:48+00:00,404,555,http://localhost/,"Mozilla/5.0 (Windows NT 10.0; Win64; x64) AppleWebKit/537.36 (KHTML, like Gecko) HeadlessChrome/71.0.3542.0 Safari/537.36",/img/intro.png
144,192.168.91.128,2022-09-30 05:41:48+00:00,404,555,http://localhost/,"Mozilla/5.0 (Windows NT 10.0; Win64; x64) AppleWebKit/537.36 (KHTML, like Gecko) HeadlessChrome/71.0.3542.0 Safari/537.36",/js/nivo-lightbox.js
145,192.168.91.128,2022-09-30 05:41:48+00:00,404,555,http://localhost/,"Mozilla/5.0 (Windows NT 10.0; Win64; x64) AppleWebKit/537.36 (KHTML, like Gecko) HeadlessChrome/71.0.3542.0 Safari/537.36",/js/main.js
146,192.168.91.128,2022-09-30 05:41:48+00:00,404,555,http://localhost/,"Mozilla/5.0 (Windows NT 10.0; Win64; x64) AppleWebKit/537.36 (KHTML, like Gecko) HeadlessChrome/71.0.3542.0 Safari/537.36",/img/business/business-img.png
147,192.168.91.128,2022-09-30 05:41:48+00:00,404,555,http://localhost/,"Mozilla/5.0 (Windows NT 10.0; Win64; x64) AppleWebKit/537.36 (KHTML, like Gecko) HeadlessChrome/71.0.3542.0 Safari/537.36",/img/showcase/03.jpg
148,192.168.91.128,2022-09-30 05:41:48+00:00,404,555,http://localhost/,"Mozilla/5.0 (Windows NT 10.0; Win64; x64) AppleWebKit/537.36 (KHTML, like Gecko) HeadlessChrome/71.0.3542.0 Safari/537.36",/img/showcase/02.jpg
149,192.168.91.128,2022-09-30 05:41:48+00:00,404,555,http://localhost/,"Mozilla/5.0 (Windows NT 10.0; Win64; x64) AppleWebKit/537.36 (KHTML, like Gecko) HeadlessChrome/71.0.3542.0 Safari/537.36",/img/showcase/04.jpg
150,192.168.91.128,2022-09-30 05:41:48+00:00,404,555,http://localhost/,"Mozilla/5.0 (Windows NT 10.0; Win64; x64) AppleWebKit/537.36 (KHTML, like Gecko) HeadlessChrome/71.0.3542.0 Safari/537.36",/img/showcase/01.jpg
151,192.168.91.128,2022-09-30 05:41:48+00:00,404,555,http://localhost/,"Mozilla/5.0 (Windows NT 10.0; Win64; x64) AppleWebKit/537.36 (KHTML, like Gecko) HeadlessChrome/71.0.3542.0 Safari/537.36",/img/showcase/05.jpg
152,192.168.91.128,2022-09-30 05:41:48+00:00,404,555,http://localhost/,"Mozilla/5.0 (Windows NT 10.0; Win64; x64) AppleWebKit/537.36 (KHTML, like Gecko) HeadlessChrome/71.0.3542.0 Safari/537.36",/img/testimonial/01.png
153,192.168.91.128,2022-09-30 05:41:48+00:00,404,555,http://localhost/,"Mozilla/5.0 (Windows NT 10.0; Win64; x64) AppleWebKit/537.36 (KHTML, like Gecko) HeadlessChrome/71.0.3542.0 Safari/537.36",/img/team/02.jpg
154,192.168.91.128,2022-09-30 05:41:48+00:00,404,555,http://localhost/,"Mozilla/5.0 (Windows NT 10.0; Win64; x64) AppleWebKit/537.36 (KHTML, like Gecko) HeadlessChrome/71.0.3542.0 Safari/537.36",/img/team/01.jpg
155,192.168.91.128,2022-09-30 05:41:48+00:00,404,555,http://localhost/,"Mozilla/5.0 (Windows NT 10.0; Win64; x64) AppleWebKit/537.36 (KHTML, like Gecko) HeadlessChrome/71.0.3542.0 Safari/537.36",/img/team/03.jpg
156,192.168.91.128,2022-09-30 05:41:48+00:00,404,555,http://localhost/,"Mozilla/5.0 (Windows NT 10.0; Win64; x64) AppleWebKit/537.36 (KHTML, like Gecko) HeadlessChrome/71.0.3542.0 Safari/537.36",/img/team/04.jpg
157,192.168.91.128,2022-09-30 05:41:48+00:00,404,555,http://localhost/,"Mozilla/5.0 (Windows NT 10.0; Win64; x64) AppleWebKit/537.36 (KHTML, like Gecko) HeadlessChrome/71.0.3542.0 Safari/537.36",/img/blog/01.jpg
158,192.168.91.128,2022-09-30 05:41:48+00:00,404,555,http://localhost/,"Mozilla/5.0 (Windows NT 10.0; Win64; x64) AppleWebKit/537.36 (KHTML, like Gecko) HeadlessChrome/71.0.3542.0 Safari/537.36",/img/blog/02.jpg
159,192.168.91.128,2022-09-30 05:41:48+00:00,404,555,http://localhost/,"Mozilla/5.0 (Windows NT 10.0; Win64; x64) AppleWebKit/537.36 (KHTML, like Gecko) HeadlessChrome/71.0.3542.0 Safari/537.36",/img/contact/01.png
160,192.168.91.128,2022-09-30 05:41:48+00:00,404,555,http://localhost/,"Mozilla/5.0 (Windows NT 10.0; Win64; x64) AppleWebKit/537.36 (KHTML, like Gecko) HeadlessChrome/71.0.3542.0 Safari/537.36",/img/blog/03.jpg
161,192.168.91.128,2022-09-30 05:41:48+00:00,404,555,http://localhost/,"Mozilla/5.0 (Windows NT 10.0; Win64; x64) AppleWebKit/537.36 (KHTML, like Gecko) HeadlessChrome/71.0.3542.0 Safari/537.36",/img/footer-logo.png
162,192.168.91.128,2022-09-30 05:41:48+00:00,404,555,http://localhost/,"Mozilla/5.0 (Windows NT 10.0; Win64; x64) AppleWebKit/537.36 (KHTML, like Gecko) HeadlessChrome/71.0.3542.0 Safari/537.36",/js/popper.min.js
163,192.168.91.128,2022-09-30 05:41:48+00:00,404,555,http://localhost/,"Mozilla/5.0 (Windows NT 10.0; Win64; x64) AppleWebKit/537.36 (KHTML, like Gecko) HeadlessChrome/71.0.3542.0 Safari/537.36",/js/bootstrap.min.js
164,192.168.91.128,2022-09-30 05:41:48+00:00,404,555,http://localhost/,"Mozilla/5.0 (Windows NT 10.0; Win64; x64) AppleWebKit/537.36 (KHTML, like Gecko) HeadlessChrome/71.0.3542.0 Safari/537.36",/js/owl.carousel.js
165,192.168.91.128,2022-09-30 05:41:48+00:00,404,555,http://localhost/,"Mozilla/5.0 (Windows NT 10.0; Win64; x64) AppleWebKit/537.36 (KHTML, like Gecko) HeadlessChrome/71.0.3542.0 Safari/537.36",/js/jquery.nav.js
166,192.168.91.128,2022-09-30 05:41:48+00:00,404,555,http://localhost/,"Mozilla/5.0 (Windows NT 10.0; Win64; x64) AppleWebKit/537.36 (KHTML, like Gecko) HeadlessChrome/71.0.3542.0 Safari/537.36",/js/scrolling-nav.js
167,192.168.91.128,2022-09-30 05:41:48+00:00,404,555,http://localhost/,"Mozilla/5.0 (Windows NT 10.0; Win64; x64) AppleWebKit/537.36 (KHTML, like Gecko) HeadlessChrome/71.0.3542.0 Safari/537.36",/js/jquery.easing.min.js
168,192.168.91.128,2022-09-30 05:41:48+00:00,404,555,http://localhost/,"Mozilla/5.0 (Windows NT 10.0; Win64; x64) AppleWebKit/537.36 (KHTML, like Gecko) HeadlessChrome/71.0.3542.0 Safari/537.36",/js/nivo-lightbox.js
169,192.168.91.128,2022-09-30 05:41:48+00:00,404,555,http://localhost/,"Mozilla/5.0 (Windows NT 10.0; Win64; x64) AppleWebKit/537.36 (KHTML, like Gecko) HeadlessChrome/71.0.3542.0 Safari/537.36",/js/jquery.magnific-popup.min.js
170,192.168.91.128,2022-09-30 05:41:48+00:00,404,555,http://localhost/,"Mozilla/5.0 (Windows NT 10.0; Win64; x64) AppleWebKit/537.36 (KHTML, like Gecko) HeadlessChrome/71.0.3542.0 Safari/537.36",/js/main.js
171,192.168.91.2,2022-09-30 05:41:49+00:00,404,555,http://localhost/,"Mozilla/5.0 (Windows NT 10.0; Win64; x64) AppleWebKit/537.36 (KHTML, like Gecko) HeadlessChrome/71.0.3542.0 Safari/537.36",/js/main.js
172,192.168.91.2,2022-09-30 05:41:49+00:00,404,555,http://localhost/,"Mozilla/5.0 (Windows NT 10.0; Win64; x64) AppleWebKit/537.36 (KHTML, like Gecko) HeadlessChrome/71.0.3542.0 Safari/537.36",/img/business/business-img.png
173,192.168.91.2,2022-09-30 05:41:49+00:00,404,555,http://localhost/,"Mozilla/5.0 (Windows NT 10.0; Win64; x64) AppleWebKit/537.36 (KHTML, like Gecko) HeadlessChrome/71.0.3542.0 Safari/537.36",/img/showcase/03.jpg
174,192.168.91.2,2022-09-30 05:41:49+00:00,404,555,http://localhost/,"Mozilla/5.0 (Windows NT 10.0; Win64; x64) AppleWebKit/537.36 (KHTML, like Gecko) HeadlessChrome/71.0.3542.0 Safari/537.36",/img/showcase/02.jpg
175,192.168.91.2,2022-09-30 05:41:49+00:00,404,555,http://localhost/,"Mozilla/5.0 (Windows NT 10.0; Win64; x64) AppleWebKit/537.36 (KHTML, like Gecko) HeadlessChrome/71.0.3542.0 Safari/537.36",/img/showcase/04.jpg
176,192.168.91.2,2022-09-30 05:41:49+00:00,404,555,http://localhost/,"Mozilla/5.0 (Windows NT 10.0; Win64; x64) AppleWebKit/537.36 (KHTML, like Gecko) HeadlessChrome/71.0.3542.0 Safari/537.36",/img/showcase/01.jpg
177,192.168.91.2,2022-09-30 05:41:49+00:00,404,555,http://localhost/,"Mozilla/5.0 (Windows NT 10.0; Win64; x64) AppleWebKit/537.36 (KHTML, like Gecko) HeadlessChrome/71.0.3542.0 Safari/537.36",/img/showcase/05.jpg
178,192.168.91.2,2022-09-30 05:41:49+00:00,404,555,http://localhost/,"Mozilla/5.0 (Windows NT 10.0; Win64; x64) AppleWebKit/537.36 (KHTML, like Gecko) HeadlessChrome/71.0.3542.0 Safari/537.36",/img/testimonial/01.png
179,192.168.91.2,2022-09-30 05:41:49+00:00,404,555,http://localhost/,"Mozilla/5.0 (Windows NT 10.0; Win64; x64) AppleWebKit/537.36 (KHTML, like Gecko) HeadlessChrome/71.0.3542.0 Safari/537.36",/img/team/02.jpg
180,192.168.91.2,2022-09-30 05:41:49+00:00,404,555,http://localhost/,"Mozilla/5.0 (Windows NT 10.0; Win64; x64) AppleWebKit/537.36 (KHTML, like Gecko) HeadlessChrome/71.0.3542.0 Safari/537.36",/img/team/01.jpg
181,192.168.91.2,2022-09-30 05:41:49+00:00,404,555,http://localhost/,"Mozilla/5.0 (Windows NT 10.0; Win64; x64) AppleWebKit/537.36 (KHTML, like Gecko) HeadlessChrome/71.0.3542.0 Safari/537.36",/img/team/03.jpg
182,192.168.91.2,2022-09-30 05:41:49+00:00,404,555,http://localhost/,"Mozilla/5.0 (Windows NT 10.0; Win64; x64) AppleWebKit/537.36 (KHTML, like Gecko) HeadlessChrome/71.0.3542.0 Safari/537.36",/img/team/04.jpg
183,192.168.91.2,2022-09-30 05:41:49+00:00,404,555,http://localhost/,"Mozilla/5.0 (Windows NT 10.0; Win64; x64) AppleWebKit/537.36 (KHTML, like Gecko) HeadlessChrome/71.0.3542.0 Safari/537.36",/img/blog/01.jpg
184,192.168.91.2,2022-09-30 05:41:49+00:00,404,555,http://localhost/,"Mozilla/5.0 (Windows NT 10.0; Win64; x64) AppleWebKit/537.36 (KHTML, like Gecko) HeadlessChrome/71.0.3542.0 Safari/537.36",/img/blog/02.jpg
185,192.168.91.2,2022-09-30 05:41:49+00:00,404,555,http://localhost/,"Mozilla/5.0 (Windows NT 10.0; Win64; x64) AppleWebKit/537.36 (KHTML, like Gecko) HeadlessChrome/71.0.3542.0 Safari/537.36",/img/contact/01.png
186,192.168.91.2,2022-09-30 05:41:49+00:00,404,555,http://localhost/,"Mozilla/5.0 (Windows NT 10.0; Win64; x64) AppleWebKit/537.36 (KHTML, like Gecko) HeadlessChrome/71.0.3542.0 Safari/537.36",/img/blog/03.jpg
187,192.168.91.2,2022-09-30 05:41:49+00:00,404,555,http://localhost/,"Mozilla/5.0 (Windows NT 10.0; Win64; x64) AppleWebKit/537.36 (KHTML, like Gecko) HeadlessChrome/71.0.3542.0 Safari/537.36",/img/footer-logo.png
188,192.168.91.2,2022-09-30 05:41:49+00:00,404,555,http://localhost/,"Mozilla/5.0 (Windows NT 10.0; Win64; x64) AppleWebKit/537.36 (KHTML, like Gecko) HeadlessChrome/71.0.3542.0 Safari/537.36",/js/popper.min.js
189,192.168.91.2,2022-09-30 05:41:49+00:00,404,555,http://localhost/,"Mozilla/5.0 (Windows NT 10.0; Win64; x64) AppleWebKit/537.36 (KHTML, like Gecko) HeadlessChrome/71.0.3542.0 Safari/537.36",/js/bootstrap.min.js
190,192.168.91.2,2022-09-30 05:41:49+00:00,404,555,http://localhost/,"Mozilla/5.0 (Windows NT 10.0; Win64; x64) AppleWebKit/537.36 (KHTML, like Gecko) HeadlessChrome/71.0.3542.0 Safari/537.36",/js/owl.carousel.js
191,192.168.91.2,2022-09-30 05:41:49+00:00,404,555,http://localhost/,"Mozilla/5.0 (Windows NT 10.0; Win64; x64) AppleWebKit/537.36 (KHTML, like Gecko) HeadlessChrome/71.0.3542.0 Safari/537.36",/js/jquery.nav.js
192,192.168.91.2,2022-09-30 05:41:49+00:00,404,555,http://localhost/,"Mozilla/5.0 (Windows NT 10.0; Win64; x64) AppleWebKit/537.36 (KHTML, like Gecko) HeadlessChrome/71.0.3542.0 Safari/537.36",/js/scrolling-nav.js
193,192.168.91.2,2022-09-30 05:41:49+00:00,404,555,http://localhost/,"Mozilla/5.0 (Windows NT 10.0; Win64; x64) AppleWebKit/537.36 (KHTML, like Gecko) HeadlessChrome/71.0.3542.0 Safari/537.36",/js/jquery.easing.min.js
194,192.168.91.2,2022-09-30 05:41:49+00:00,404,555,http://localhost/,"Mozilla/5.0 (Windows NT 10.0; Win64; x64) AppleWebKit/537.36 (KHTML, like Gecko) HeadlessChrome/71.0.3542.0 Safari/537.36",/js/nivo-lightbox.js
195,192.168.91.2,2022-09-30 05:41:49+00:00,404,555,http://localhost/,"Mozilla/5.0 (Windows NT 10.0; Win64; x64) AppleWebKit/537.36 (KHTML, like Gecko) HeadlessChrome/71.0.3542.0 Safari/537.36",/js/jquery.magnific-popup.min.js
196,192.168.91.2,2022-09-30 05:41:49+00:00,404,555,http://localhost/,"Mozilla/5.0 (Windows NT 10.0; Win64; x64) AppleWebKit/537.36 (KHTML, like Gecko) HeadlessChrome/71.0.3542.0 Safari/537.36",/js/main.js
197,192.168.91.2,2022-09-30 05:41:49+00:00,404,555,http://localhost/,"Mozilla/5.0 (Windows NT 10.0; Win64; x64) AppleWebKit/537.36 (KHTML, like Gecko) HeadlessChrome/71.0.3542.0 Safari/537.36",/js/main.js
