"@timestamp","_id","_index","_score","agent.ephemeral_id","agent.hostname","agent.id","agent.name","agent.type","agent.version","ecs.version","event.category","event.created","event.dataset","event.ingested","event.kind","event.module","event.original","event.outcome","event.timezone","event.type","fileset.name","host.architecture","host.containerized","host.hostname","host.id","host.ip","host.mac","host.name","host.os.codename","host.os.family","host.os.kernel","host.os.name","host.os.name.text","host.os.platform","host.os.type","host.os.version","http.request.method","http.request.referrer","http.response.body.bytes","http.response.status_code","http.version","input.type","log.file.path","log.level","log.offset",message,"nginx.access.remote_ip_list","process.pid","process.thread.id","related.ip","service.type","source.address","source.ip",tags,"traefik.access.user_agent.name","traefik.access.user_agent.original","traefik.access.user_agent.os_name","url.extension","url.original","url.original.text","url.path","user_agent.device.name","user_agent.name","user_agent.original","user_agent.original.text","user_agent.os.full","user_agent.os.full.text","user_agent.os.name","user_agent.os.name.text","user_agent.os.version","user_agent.version"
"Oct 24, 2022 @ 09:12:19.000","ALLECoQB_uuaLSgiVc77",".ds-filebeat-8.3.3-2022.09.27-000001","-","ad95561d-0629-40a6-b094-4180461523f4",vagrant,"7101e0c5-6c09-421a-8576-16c0dffbd6c2",vagrant,filebeat,"8.3.3","1.12.0",web,"Oct 24, 2022 @ 09:12:29.069","nginx.access","Oct 24, 2022 @ 09:12:30.073",event,nginx,"192.168.0.102 - - [24/Oct/2022:16:12:19 +0000] ""GET / HTTP/1.0"" 200 2922 ""-"" ""-"" ""-""",success,"+00:00",access,access,"x86_64",false,vagrant,b8dfaa1058004833be7bbd4cd6b06186,"10.0.2.15, fe80::a00:27ff:fe64:75a1, 192.168.50.2, fe80::a00:27ff:fe16:9625, 172.17.0.1, 172.18.0.1, fe80::42:9fff:fe90:3a38, fe80::3477:bff:fed2:4b53, fe80::d080:53ff:fe27:c38, fe80::e83f:e4ff:fee3:55c6, fe80::94ff:25ff:fe3f:a440, fe80::f80b:cdff:fe07:6823","02:42:7e:f6:95:aa, 02:42:9f:90:3a:38, 08:00:27:16:96:25, 08:00:27:64:75:a1, 36:77:0b:d2:4b:53, 96:ff:25:3f:a4:40, d2:80:53:27:0c:38, ea:3f:e4:e3:55:c6, fa:0b:cd:07:68:23",vagrant,jammy,debian,"5.15.0-30-generic",Ubuntu,Ubuntu,ubuntu,linux,"22.04 LTS (Jammy Jellyfish)",GET,"-","2.9KB",200,"1.0",log,"/var/log/nginx/access.log","-","7,350","-","192.168.0.102","-","-","192.168.0.102",nginx,"192.168.0.102","192.168.0.102","_geoip_database_unavailable_GeoLite2-City.mmdb, _geoip_database_unavailable_GeoLite2-ASN.mmdb","-","-","-","-","/","/","/","-","-","-","-","-","-","-","-","-","-"
"Oct 24, 2022 @ 09:12:19.000","AbLECoQB_uuaLSgiVc77",".ds-filebeat-8.3.3-2022.09.27-000001","-","ad95561d-0629-40a6-b094-4180461523f4",vagrant,"7101e0c5-6c09-421a-8576-16c0dffbd6c2",vagrant,filebeat,"8.3.3","1.12.0",web,"Oct 24, 2022 @ 09:12:29.069","nginx.access","Oct 24, 2022 @ 09:12:30.074",event,nginx,"192.168.0.102 - - [24/Oct/2022:16:12:19 +0000] ""GET / HTTP/1.1"" 200 2922 ""-"" ""-"" ""-""",success,"+00:00",access,access,"x86_64",false,vagrant,b8dfaa1058004833be7bbd4cd6b06186,"10.0.2.15, fe80::a00:27ff:fe64:75a1, 192.168.50.2, fe80::a00:27ff:fe16:9625, 172.17.0.1, 172.18.0.1, fe80::42:9fff:fe90:3a38, fe80::3477:bff:fed2:4b53, fe80::d080:53ff:fe27:c38, fe80::e83f:e4ff:fee3:55c6, fe80::94ff:25ff:fe3f:a440, fe80::f80b:cdff:fe07:6823","02:42:7e:f6:95:aa, 02:42:9f:90:3a:38, 08:00:27:16:96:25, 08:00:27:64:75:a1, 36:77:0b:d2:4b:53, 96:ff:25:3f:a4:40, d2:80:53:27:0c:38, ea:3f:e4:e3:55:c6, fa:0b:cd:07:68:23",vagrant,jammy,debian,"5.15.0-30-generic",Ubuntu,Ubuntu,ubuntu,linux,"22.04 LTS (Jammy Jellyfish)",GET,"-","2.9KB",200,"1.1",log,"/var/log/nginx/access.log","-","7,435","-","192.168.0.102","-","-","192.168.0.102",nginx,"192.168.0.102","192.168.0.102","_geoip_database_unavailable_GeoLite2-City.mmdb, _geoip_database_unavailable_GeoLite2-ASN.mmdb","-","-","-","-","/","/","/","-","-","-","-","-","-","-","-","-","-"
"Oct 24, 2022 @ 09:10:26.000","rbLCCoQB_uuaLSgidstH",".ds-filebeat-8.3.3-2022.09.27-000001","-","ad95561d-0629-40a6-b094-4180461523f4",vagrant,"7101e0c5-6c09-421a-8576-16c0dffbd6c2",vagrant,filebeat,"8.3.3","1.12.0",web,"Oct 24, 2022 @ 09:10:26.267","nginx.access","Oct 24, 2022 @ 09:10:27.270",event,nginx,"192.168.0.102 - - [24/Oct/2022:16:10:26 +0000] ""\x16\x03\x01\x02\x00\x01\x00\x01\xFC\x03\x03\xB0o&\xA7\x91"" 400 157 ""-"" ""-"" ""-""",failure,"+00:00",access,access,"x86_64",false,vagrant,b8dfaa1058004833be7bbd4cd6b06186,"10.0.2.15, fe80::a00:27ff:fe64:75a1, 192.168.50.2, fe80::a00:27ff:fe16:9625, 172.17.0.1, 172.18.0.1, fe80::42:9fff:fe90:3a38, fe80::3477:bff:fed2:4b53, fe80::d080:53ff:fe27:c38, fe80::e83f:e4ff:fee3:55c6, fe80::94ff:25ff:fe3f:a440, fe80::f80b:cdff:fe07:6823","02:42:7e:f6:95:aa, 02:42:9f:90:3a:38, 08:00:27:16:96:25, 08:00:27:64:75:a1, 36:77:0b:d2:4b:53, 96:ff:25:3f:a4:40, d2:80:53:27:0c:38, ea:3f:e4:e3:55:c6, fa:0b:cd:07:68:23",vagrant,jammy,debian,"5.15.0-30-generic",Ubuntu,Ubuntu,ubuntu,linux,"22.04 LTS (Jammy Jellyfish)","-","-",157B,400,"-",log,"/var/log/nginx/access.log","-","7,222","-","192.168.0.102","-","-","192.168.0.102",nginx,"192.168.0.102","192.168.0.102","_geoip_database_unavailable_GeoLite2-City.mmdb, _geoip_database_unavailable_GeoLite2-ASN.mmdb","-","-","-","-","-","-","-","-","-","-","-","-","-","-","-","-","-"
"Oct 24, 2022 @ 09:10:19.000","qLLCCoQB_uuaLSgicsts",".ds-filebeat-8.3.3-2022.09.27-000001","-","ad95561d-0629-40a6-b094-4180461523f4",vagrant,"7101e0c5-6c09-421a-8576-16c0dffbd6c2",vagrant,filebeat,"8.3.3","1.12.0",web,"Oct 24, 2022 @ 09:10:25.267","nginx.access","Oct 24, 2022 @ 09:10:26.282",event,nginx,"192.168.0.102 - - [24/Oct/2022:16:10:19 +0000] ""OPTIONS / HTTP/1.1"" 200 8 ""-"" ""Mozilla/5.0 (compatible; Nmap Scripting Engine; https://nmap.org/book/nse.html)"" ""-""",success,"+00:00",access,access,"x86_64",false,vagrant,b8dfaa1058004833be7bbd4cd6b06186,"10.0.2.15, fe80::a00:27ff:fe64:75a1, 192.168.50.2, fe80::a00:27ff:fe16:9625, 172.17.0.1, 172.18.0.1, fe80::42:9fff:fe90:3a38, fe80::3477:bff:fed2:4b53, fe80::d080:53ff:fe27:c38, fe80::e83f:e4ff:fee3:55c6, fe80::94ff:25ff:fe3f:a440, fe80::f80b:cdff:fe07:6823","02:42:7e:f6:95:aa, 02:42:9f:90:3a:38, 08:00:27:16:96:25, 08:00:27:64:75:a1, 36:77:0b:d2:4b:53, 96:ff:25:3f:a4:40, d2:80:53:27:0c:38, ea:3f:e4:e3:55:c6, fa:0b:cd:07:68:23",vagrant,jammy,debian,"5.15.0-30-generic",Ubuntu,Ubuntu,ubuntu,linux,"22.04 LTS (Jammy Jellyfish)",OPTIONS,"-",8B,200,"1.1",log,"/var/log/nginx/access.log","-","6,402","-","192.168.0.102","-","-","192.168.0.102",nginx,"192.168.0.102","192.168.0.102","_geoip_database_unavailable_GeoLite2-City.mmdb, _geoip_database_unavailable_GeoLite2-ASN.mmdb",Other,"Mozilla/5.0 (compatible; Nmap Scripting Engine; https://nmap.org/book/nse.html)","-","-","/","/","/",Other,Other,"Mozilla/5.0 (compatible; Nmap Scripting Engine; https://nmap.org/book/nse.html)","Mozilla/5.0 (compatible; Nmap Scripting Engine; https://nmap.org/book/nse.html)","-","-","-","-","-","-"
"Oct 24, 2022 @ 09:10:19.000","qbLCCoQB_uuaLSgicsts",".ds-filebeat-8.3.3-2022.09.27-000001","-","ad95561d-0629-40a6-b094-4180461523f4",vagrant,"7101e0c5-6c09-421a-8576-16c0dffbd6c2",vagrant,filebeat,"8.3.3","1.12.0",web,"Oct 24, 2022 @ 09:10:25.267","nginx.access","Oct 24, 2022 @ 09:10:26.282",event,nginx,"192.168.0.102 - - [24/Oct/2022:16:10:19 +0000] ""OPTIONS / HTTP/1.1"" 200 8 ""-"" ""Mozilla/5.0 (compatible; Nmap Scripting Engine; https://nmap.org/book/nse.html)"" ""-""",success,"+00:00",access,access,"x86_64",false,vagrant,b8dfaa1058004833be7bbd4cd6b06186,"10.0.2.15, fe80::a00:27ff:fe64:75a1, 192.168.50.2, fe80::a00:27ff:fe16:9625, 172.17.0.1, 172.18.0.1, fe80::42:9fff:fe90:3a38, fe80::3477:bff:fed2:4b53, fe80::d080:53ff:fe27:c38, fe80::e83f:e4ff:fee3:55c6, fe80::94ff:25ff:fe3f:a440, fe80::f80b:cdff:fe07:6823","02:42:7e:f6:95:aa, 02:42:9f:90:3a:38, 08:00:27:16:96:25, 08:00:27:64:75:a1, 36:77:0b:d2:4b:53, 96:ff:25:3f:a4:40, d2:80:53:27:0c:38, ea:3f:e4:e3:55:c6, fa:0b:cd:07:68:23",vagrant,jammy,debian,"5.15.0-30-generic",Ubuntu,Ubuntu,ubuntu,linux,"22.04 LTS (Jammy Jellyfish)",OPTIONS,"-",8B,200,"1.1",log,"/var/log/nginx/access.log","-","6,566","-","192.168.0.102","-","-","192.168.0.102",nginx,"192.168.0.102","192.168.0.102","_geoip_database_unavailable_GeoLite2-City.mmdb, _geoip_database_unavailable_GeoLite2-ASN.mmdb",Other,"Mozilla/5.0 (compatible; Nmap Scripting Engine; https://nmap.org/book/nse.html)","-","-","/","/","/",Other,Other,"Mozilla/5.0 (compatible; Nmap Scripting Engine; https://nmap.org/book/nse.html)","Mozilla/5.0 (compatible; Nmap Scripting Engine; https://nmap.org/book/nse.html)","-","-","-","-","-","-"
"Oct 24, 2022 @ 09:10:19.000","qrLCCoQB_uuaLSgicsts",".ds-filebeat-8.3.3-2022.09.27-000001","-","ad95561d-0629-40a6-b094-4180461523f4",vagrant,"7101e0c5-6c09-421a-8576-16c0dffbd6c2",vagrant,filebeat,"8.3.3","1.12.0",web,"Oct 24, 2022 @ 09:10:25.267","nginx.access","Oct 24, 2022 @ 09:10:26.283",event,nginx,"192.168.0.102 - - [24/Oct/2022:16:10:19 +0000] ""OPTIONS / HTTP/1.1"" 200 8 ""-"" ""Mozilla/5.0 (compatible; Nmap Scripting Engine; https://nmap.org/book/nse.html)"" ""-""",success,"+00:00",access,access,"x86_64",false,vagrant,b8dfaa1058004833be7bbd4cd6b06186,"10.0.2.15, fe80::a00:27ff:fe64:75a1, 192.168.50.2, fe80::a00:27ff:fe16:9625, 172.17.0.1, 172.18.0.1, fe80::42:9fff:fe90:3a38, fe80::3477:bff:fed2:4b53, fe80::d080:53ff:fe27:c38, fe80::e83f:e4ff:fee3:55c6, fe80::94ff:25ff:fe3f:a440, fe80::f80b:cdff:fe07:6823","02:42:7e:f6:95:aa, 02:42:9f:90:3a:38, 08:00:27:16:96:25, 08:00:27:64:75:a1, 36:77:0b:d2:4b:53, 96:ff:25:3f:a4:40, d2:80:53:27:0c:38, ea:3f:e4:e3:55:c6, fa:0b:cd:07:68:23",vagrant,jammy,debian,"5.15.0-30-generic",Ubuntu,Ubuntu,ubuntu,linux,"22.04 LTS (Jammy Jellyfish)",OPTIONS,"-",8B,200,"1.1",log,"/var/log/nginx/access.log","-","6,730","-","192.168.0.102","-","-","192.168.0.102",nginx,"192.168.0.102","192.168.0.102","_geoip_database_unavailable_GeoLite2-City.mmdb, _geoip_database_unavailable_GeoLite2-ASN.mmdb",Other,"Mozilla/5.0 (compatible; Nmap Scripting Engine; https://nmap.org/book/nse.html)","-","-","/","/","/",Other,Other,"Mozilla/5.0 (compatible; Nmap Scripting Engine; https://nmap.org/book/nse.html)","Mozilla/5.0 (compatible; Nmap Scripting Engine; https://nmap.org/book/nse.html)","-","-","-","-","-","-"
"Oct 24, 2022 @ 09:10:19.000","q7LCCoQB_uuaLSgicsts",".ds-filebeat-8.3.3-2022.09.27-000001","-","ad95561d-0629-40a6-b094-4180461523f4",vagrant,"7101e0c5-6c09-421a-8576-16c0dffbd6c2",vagrant,filebeat,"8.3.3","1.12.0",web,"Oct 24, 2022 @ 09:10:25.267","nginx.access","Oct 24, 2022 @ 09:10:26.283",event,nginx,"192.168.0.102 - - [24/Oct/2022:16:10:19 +0000] ""OPTIONS / HTTP/1.1"" 200 8 ""-"" ""Mozilla/5.0 (compatible; Nmap Scripting Engine; https://nmap.org/book/nse.html)"" ""-""",success,"+00:00",access,access,"x86_64",false,vagrant,b8dfaa1058004833be7bbd4cd6b06186,"10.0.2.15, fe80::a00:27ff:fe64:75a1, 192.168.50.2, fe80::a00:27ff:fe16:9625, 172.17.0.1, 172.18.0.1, fe80::42:9fff:fe90:3a38, fe80::3477:bff:fed2:4b53, fe80::d080:53ff:fe27:c38, fe80::e83f:e4ff:fee3:55c6, fe80::94ff:25ff:fe3f:a440, fe80::f80b:cdff:fe07:6823","02:42:7e:f6:95:aa, 02:42:9f:90:3a:38, 08:00:27:16:96:25, 08:00:27:64:75:a1, 36:77:0b:d2:4b:53, 96:ff:25:3f:a4:40, d2:80:53:27:0c:38, ea:3f:e4:e3:55:c6, fa:0b:cd:07:68:23",vagrant,jammy,debian,"5.15.0-30-generic",Ubuntu,Ubuntu,ubuntu,linux,"22.04 LTS (Jammy Jellyfish)",OPTIONS,"-",8B,200,"1.1",log,"/var/log/nginx/access.log","-","6,894","-","192.168.0.102","-","-","192.168.0.102",nginx,"192.168.0.102","192.168.0.102","_geoip_database_unavailable_GeoLite2-City.mmdb, _geoip_database_unavailable_GeoLite2-ASN.mmdb",Other,"Mozilla/5.0 (compatible; Nmap Scripting Engine; https://nmap.org/book/nse.html)","-","-","/","/","/",Other,Other,"Mozilla/5.0 (compatible; Nmap Scripting Engine; https://nmap.org/book/nse.html)","Mozilla/5.0 (compatible; Nmap Scripting Engine; https://nmap.org/book/nse.html)","-","-","-","-","-","-"
"Oct 24, 2022 @ 09:10:19.000","rLLCCoQB_uuaLSgicsts",".ds-filebeat-8.3.3-2022.09.27-000001","-","ad95561d-0629-40a6-b094-4180461523f4",vagrant,"7101e0c5-6c09-421a-8576-16c0dffbd6c2",vagrant,filebeat,"8.3.3","1.12.0",web,"Oct 24, 2022 @ 09:10:25.267","nginx.access","Oct 24, 2022 @ 09:10:26.284",event,nginx,"192.168.0.102 - - [24/Oct/2022:16:10:19 +0000] ""OPTIONS / HTTP/1.1"" 200 8 ""-"" ""Mozilla/5.0 (compatible; Nmap Scripting Engine; https://nmap.org/book/nse.html)"" ""-""",success,"+00:00",access,access,"x86_64",false,vagrant,b8dfaa1058004833be7bbd4cd6b06186,"10.0.2.15, fe80::a00:27ff:fe64:75a1, 192.168.50.2, fe80::a00:27ff:fe16:9625, 172.17.0.1, 172.18.0.1, fe80::42:9fff:fe90:3a38, fe80::3477:bff:fed2:4b53, fe80::d080:53ff:fe27:c38, fe80::e83f:e4ff:fee3:55c6, fe80::94ff:25ff:fe3f:a440, fe80::f80b:cdff:fe07:6823","02:42:7e:f6:95:aa, 02:42:9f:90:3a:38, 08:00:27:16:96:25, 08:00:27:64:75:a1, 36:77:0b:d2:4b:53, 96:ff:25:3f:a4:40, d2:80:53:27:0c:38, ea:3f:e4:e3:55:c6, fa:0b:cd:07:68:23",vagrant,jammy,debian,"5.15.0-30-generic",Ubuntu,Ubuntu,ubuntu,linux,"22.04 LTS (Jammy Jellyfish)",OPTIONS,"-",8B,200,"1.1",log,"/var/log/nginx/access.log","-","7,058","-","192.168.0.102","-","-","192.168.0.102",nginx,"192.168.0.102","192.168.0.102","_geoip_database_unavailable_GeoLite2-City.mmdb, _geoip_database_unavailable_GeoLite2-ASN.mmdb",Other,"Mozilla/5.0 (compatible; Nmap Scripting Engine; https://nmap.org/book/nse.html)","-","-","/","/","/",Other,Other,"Mozilla/5.0 (compatible; Nmap Scripting Engine; https://nmap.org/book/nse.html)","Mozilla/5.0 (compatible; Nmap Scripting Engine; https://nmap.org/book/nse.html)","-","-","-","-","-","-"
"Oct 24, 2022 @ 09:10:18.000","krLCCoQB_uuaLSgicsts",".ds-filebeat-8.3.3-2022.09.27-000001","-","ad95561d-0629-40a6-b094-4180461523f4",vagrant,"7101e0c5-6c09-421a-8576-16c0dffbd6c2",vagrant,filebeat,"8.3.3","1.12.0",web,"Oct 24, 2022 @ 09:10:25.265","nginx.access","Oct 24, 2022 @ 09:10:26.269",event,nginx,"192.168.0.102 - - [24/Oct/2022:16:10:18 +0000] ""OPTIONS / HTTP/1.1"" 200 8 ""-"" ""Mozilla/5.0 (compatible; Nmap Scripting Engine; https://nmap.org/book/nse.html)"" ""-""",success,"+00:00",access,access,"x86_64",false,vagrant,b8dfaa1058004833be7bbd4cd6b06186,"10.0.2.15, fe80::a00:27ff:fe64:75a1, 192.168.50.2, fe80::a00:27ff:fe16:9625, 172.17.0.1, 172.18.0.1, fe80::42:9fff:fe90:3a38, fe80::3477:bff:fed2:4b53, fe80::d080:53ff:fe27:c38, fe80::e83f:e4ff:fee3:55c6, fe80::94ff:25ff:fe3f:a440, fe80::f80b:cdff:fe07:6823","02:42:7e:f6:95:aa, 02:42:9f:90:3a:38, 08:00:27:16:96:25, 08:00:27:64:75:a1, 36:77:0b:d2:4b:53, 96:ff:25:3f:a4:40, d2:80:53:27:0c:38, ea:3f:e4:e3:55:c6, fa:0b:cd:07:68:23",vagrant,jammy,debian,"5.15.0-30-generic",Ubuntu,Ubuntu,ubuntu,linux,"22.04 LTS (Jammy Jellyfish)",OPTIONS,"-",8B,200,"1.1",log,"/var/log/nginx/access.log","-","2,799","-","192.168.0.102","-","-","192.168.0.102",nginx,"192.168.0.102","192.168.0.102","_geoip_database_unavailable_GeoLite2-City.mmdb, _geoip_database_unavailable_GeoLite2-ASN.mmdb",Other,"Mozilla/5.0 (compatible; Nmap Scripting Engine; https://nmap.org/book/nse.html)","-","-","/","/","/",Other,Other,"Mozilla/5.0 (compatible; Nmap Scripting Engine; https://nmap.org/book/nse.html)","Mozilla/5.0 (compatible; Nmap Scripting Engine; https://nmap.org/book/nse.html)","-","-","-","-","-","-"
"Oct 24, 2022 @ 09:10:18.000","k7LCCoQB_uuaLSgicsts",".ds-filebeat-8.3.3-2022.09.27-000001","-","ad95561d-0629-40a6-b094-4180461523f4",vagrant,"7101e0c5-6c09-421a-8576-16c0dffbd6c2",vagrant,filebeat,"8.3.3","1.12.0",web,"Oct 24, 2022 @ 09:10:25.266","nginx.access","Oct 24, 2022 @ 09:10:26.272",event,nginx,"192.168.0.102 - - [24/Oct/2022:16:10:18 +0000] ""PROPFIND / HTTP/1.1"" 404 1240 ""-"" ""Mozilla/5.0 (compatible; Nmap Scripting Engine; https://nmap.org/book/nse.html)"" ""-""",failure,"+00:00",access,access,"x86_64",false,vagrant,b8dfaa1058004833be7bbd4cd6b06186,"10.0.2.15, fe80::a00:27ff:fe64:75a1, 192.168.50.2, fe80::a00:27ff:fe16:9625, 172.17.0.1, 172.18.0.1, fe80::42:9fff:fe90:3a38, fe80::3477:bff:fed2:4b53, fe80::d080:53ff:fe27:c38, fe80::e83f:e4ff:fee3:55c6, fe80::94ff:25ff:fe3f:a440, fe80::f80b:cdff:fe07:6823","02:42:7e:f6:95:aa, 02:42:9f:90:3a:38, 08:00:27:16:96:25, 08:00:27:64:75:a1, 36:77:0b:d2:4b:53, 96:ff:25:3f:a4:40, d2:80:53:27:0c:38, ea:3f:e4:e3:55:c6, fa:0b:cd:07:68:23",vagrant,jammy,debian,"5.15.0-30-generic",Ubuntu,Ubuntu,ubuntu,linux,"22.04 LTS (Jammy Jellyfish)",PROPFIND,"-","1.2KB",404,"1.1",log,"/var/log/nginx/access.log","-","2,963","-","192.168.0.102","-","-","192.168.0.102",nginx,"192.168.0.102","192.168.0.102","_geoip_database_unavailable_GeoLite2-City.mmdb, _geoip_database_unavailable_GeoLite2-ASN.mmdb",Other,"Mozilla/5.0 (compatible; Nmap Scripting Engine; https://nmap.org/book/nse.html)","-","-","/","/","/",Other,Other,"Mozilla/5.0 (compatible; Nmap Scripting Engine; https://nmap.org/book/nse.html)","Mozilla/5.0 (compatible; Nmap Scripting Engine; https://nmap.org/book/nse.html)","-","-","-","-","-","-"
"Oct 24, 2022 @ 09:10:18.000","lLLCCoQB_uuaLSgicsts",".ds-filebeat-8.3.3-2022.09.27-000001","-","ad95561d-0629-40a6-b094-4180461523f4",vagrant,"7101e0c5-6c09-421a-8576-16c0dffbd6c2",vagrant,filebeat,"8.3.3","1.12.0",web,"Oct 24, 2022 @ 09:10:25.266","nginx.access","Oct 24, 2022 @ 09:10:26.272",event,nginx,"192.168.0.102 - - [24/Oct/2022:16:10:18 +0000] ""OPTIONS / HTTP/1.1"" 200 8 ""-"" ""Mozilla/5.0 (compatible; Nmap Scripting Engine; https://nmap.org/book/nse.html)"" ""-""",success,"+00:00",access,access,"x86_64",false,vagrant,b8dfaa1058004833be7bbd4cd6b06186,"10.0.2.15, fe80::a00:27ff:fe64:75a1, 192.168.50.2, fe80::a00:27ff:fe16:9625, 172.17.0.1, 172.18.0.1, fe80::42:9fff:fe90:3a38, fe80::3477:bff:fed2:4b53, fe80::d080:53ff:fe27:c38, fe80::e83f:e4ff:fee3:55c6, fe80::94ff:25ff:fe3f:a440, fe80::f80b:cdff:fe07:6823","02:42:7e:f6:95:aa, 02:42:9f:90:3a:38, 08:00:27:16:96:25, 08:00:27:64:75:a1, 36:77:0b:d2:4b:53, 96:ff:25:3f:a4:40, d2:80:53:27:0c:38, ea:3f:e4:e3:55:c6, fa:0b:cd:07:68:23",vagrant,jammy,debian,"5.15.0-30-generic",Ubuntu,Ubuntu,ubuntu,linux,"22.04 LTS (Jammy Jellyfish)",OPTIONS,"-",8B,200,"1.1",log,"/var/log/nginx/access.log","-","3,131","-","192.168.0.102","-","-","192.168.0.102",nginx,"192.168.0.102","192.168.0.102","_geoip_database_unavailable_GeoLite2-City.mmdb, _geoip_database_unavailable_GeoLite2-ASN.mmdb",Other,"Mozilla/5.0 (compatible; Nmap Scripting Engine; https://nmap.org/book/nse.html)","-","-","/","/","/",Other,Other,"Mozilla/5.0 (compatible; Nmap Scripting Engine; https://nmap.org/book/nse.html)","Mozilla/5.0 (compatible; Nmap Scripting Engine; https://nmap.org/book/nse.html)","-","-","-","-","-","-"
"Oct 24, 2022 @ 09:10:18.000","lbLCCoQB_uuaLSgicsts",".ds-filebeat-8.3.3-2022.09.27-000001","-","ad95561d-0629-40a6-b094-4180461523f4",vagrant,"7101e0c5-6c09-421a-8576-16c0dffbd6c2",vagrant,filebeat,"8.3.3","1.12.0",web,"Oct 24, 2022 @ 09:10:25.266","nginx.access","Oct 24, 2022 @ 09:10:26.273",event,nginx,"192.168.0.102 - - [24/Oct/2022:16:10:18 +0000] ""PROPFIND / HTTP/1.1"" 404 1240 ""-"" ""Mozilla/5.0 (compatible; Nmap Scripting Engine; https://nmap.org/book/nse.html)"" ""-""",failure,"+00:00",access,access,"x86_64",false,vagrant,b8dfaa1058004833be7bbd4cd6b06186,"10.0.2.15, fe80::a00:27ff:fe64:75a1, 192.168.50.2, fe80::a00:27ff:fe16:9625, 172.17.0.1, 172.18.0.1, fe80::42:9fff:fe90:3a38, fe80::3477:bff:fed2:4b53, fe80::d080:53ff:fe27:c38, fe80::e83f:e4ff:fee3:55c6, fe80::94ff:25ff:fe3f:a440, fe80::f80b:cdff:fe07:6823","02:42:7e:f6:95:aa, 02:42:9f:90:3a:38, 08:00:27:16:96:25, 08:00:27:64:75:a1, 36:77:0b:d2:4b:53, 96:ff:25:3f:a4:40, d2:80:53:27:0c:38, ea:3f:e4:e3:55:c6, fa:0b:cd:07:68:23",vagrant,jammy,debian,"5.15.0-30-generic",Ubuntu,Ubuntu,ubuntu,linux,"22.04 LTS (Jammy Jellyfish)",PROPFIND,"-","1.2KB",404,"1.1",log,"/var/log/nginx/access.log","-","3,295","-","192.168.0.102","-","-","192.168.0.102",nginx,"192.168.0.102","192.168.0.102","_geoip_database_unavailable_GeoLite2-City.mmdb, _geoip_database_unavailable_GeoLite2-ASN.mmdb",Other,"Mozilla/5.0 (compatible; Nmap Scripting Engine; https://nmap.org/book/nse.html)","-","-","/","/","/",Other,Other,"Mozilla/5.0 (compatible; Nmap Scripting Engine; https://nmap.org/book/nse.html)","Mozilla/5.0 (compatible; Nmap Scripting Engine; https://nmap.org/book/nse.html)","-","-","-","-","-","-"
"Oct 24, 2022 @ 09:10:18.000","lrLCCoQB_uuaLSgicsts",".ds-filebeat-8.3.3-2022.09.27-000001","-","ad95561d-0629-40a6-b094-4180461523f4",vagrant,"7101e0c5-6c09-421a-8576-16c0dffbd6c2",vagrant,filebeat,"8.3.3","1.12.0",web,"Oct 24, 2022 @ 09:10:25.266","nginx.access","Oct 24, 2022 @ 09:10:26.273",event,nginx,"192.168.0.102 - - [24/Oct/2022:16:10:18 +0000] ""OPTIONS / HTTP/1.1"" 200 8 ""-"" ""Mozilla/5.0 (compatible; Nmap Scripting Engine; https://nmap.org/book/nse.html)"" ""-""",success,"+00:00",access,access,"x86_64",false,vagrant,b8dfaa1058004833be7bbd4cd6b06186,"10.0.2.15, fe80::a00:27ff:fe64:75a1, 192.168.50.2, fe80::a00:27ff:fe16:9625, 172.17.0.1, 172.18.0.1, fe80::42:9fff:fe90:3a38, fe80::3477:bff:fed2:4b53, fe80::d080:53ff:fe27:c38, fe80::e83f:e4ff:fee3:55c6, fe80::94ff:25ff:fe3f:a440, fe80::f80b:cdff:fe07:6823","02:42:7e:f6:95:aa, 02:42:9f:90:3a:38, 08:00:27:16:96:25, 08:00:27:64:75:a1, 36:77:0b:d2:4b:53, 96:ff:25:3f:a4:40, d2:80:53:27:0c:38, ea:3f:e4:e3:55:c6, fa:0b:cd:07:68:23",vagrant,jammy,debian,"5.15.0-30-generic",Ubuntu,Ubuntu,ubuntu,linux,"22.04 LTS (Jammy Jellyfish)",OPTIONS,"-",8B,200,"1.1",log,"/var/log/nginx/access.log","-","3,463","-","192.168.0.102","-","-","192.168.0.102",nginx,"192.168.0.102","192.168.0.102","_geoip_database_unavailable_GeoLite2-City.mmdb, _geoip_database_unavailable_GeoLite2-ASN.mmdb",Other,"Mozilla/5.0 (compatible; Nmap Scripting Engine; https://nmap.org/book/nse.html)","-","-","/","/","/",Other,Other,"Mozilla/5.0 (compatible; Nmap Scripting Engine; https://nmap.org/book/nse.html)","Mozilla/5.0 (compatible; Nmap Scripting Engine; https://nmap.org/book/nse.html)","-","-","-","-","-","-"
"Oct 24, 2022 @ 09:10:18.000","l7LCCoQB_uuaLSgicsts",".ds-filebeat-8.3.3-2022.09.27-000001","-","ad95561d-0629-40a6-b094-4180461523f4",vagrant,"7101e0c5-6c09-421a-8576-16c0dffbd6c2",vagrant,filebeat,"8.3.3","1.12.0",web,"Oct 24, 2022 @ 09:10:25.266","nginx.access","Oct 24, 2022 @ 09:10:26.274",event,nginx,"192.168.0.102 - - [24/Oct/2022:16:10:18 +0000] ""POST / HTTP/1.1"" 404 1240 ""-"" ""Mozilla/5.0 (compatible; Nmap Scripting Engine; https://nmap.org/book/nse.html)"" ""-""",failure,"+00:00",access,access,"x86_64",false,vagrant,b8dfaa1058004833be7bbd4cd6b06186,"10.0.2.15, fe80::a00:27ff:fe64:75a1, 192.168.50.2, fe80::a00:27ff:fe16:9625, 172.17.0.1, 172.18.0.1, fe80::42:9fff:fe90:3a38, fe80::3477:bff:fed2:4b53, fe80::d080:53ff:fe27:c38, fe80::e83f:e4ff:fee3:55c6, fe80::94ff:25ff:fe3f:a440, fe80::f80b:cdff:fe07:6823","02:42:7e:f6:95:aa, 02:42:9f:90:3a:38, 08:00:27:16:96:25, 08:00:27:64:75:a1, 36:77:0b:d2:4b:53, 96:ff:25:3f:a4:40, d2:80:53:27:0c:38, ea:3f:e4:e3:55:c6, fa:0b:cd:07:68:23",vagrant,jammy,debian,"5.15.0-30-generic",Ubuntu,Ubuntu,ubuntu,linux,"22.04 LTS (Jammy Jellyfish)",POST,"-","1.2KB",404,"1.1",log,"/var/log/nginx/access.log","-","3,627","-","192.168.0.102","-","-","192.168.0.102",nginx,"192.168.0.102","192.168.0.102","_geoip_database_unavailable_GeoLite2-City.mmdb, _geoip_database_unavailable_GeoLite2-ASN.mmdb",Other,"Mozilla/5.0 (compatible; Nmap Scripting Engine; https://nmap.org/book/nse.html)","-","-","/","/","/",Other,Other,"Mozilla/5.0 (compatible; Nmap Scripting Engine; https://nmap.org/book/nse.html)","Mozilla/5.0 (compatible; Nmap Scripting Engine; https://nmap.org/book/nse.html)","-","-","-","-","-","-"
"Oct 24, 2022 @ 09:10:18.000","mLLCCoQB_uuaLSgicsts",".ds-filebeat-8.3.3-2022.09.27-000001","-","ad95561d-0629-40a6-b094-4180461523f4",vagrant,"7101e0c5-6c09-421a-8576-16c0dffbd6c2",vagrant,filebeat,"8.3.3","1.12.0",web,"Oct 24, 2022 @ 09:10:25.266","nginx.access","Oct 24, 2022 @ 09:10:26.275",event,nginx,"192.168.0.102 - - [24/Oct/2022:16:10:18 +0000] ""POST /sdk HTTP/1.1"" 404 1240 ""-"" ""Mozilla/5.0 (compatible; Nmap Scripting Engine; https://nmap.org/book/nse.html)"" ""-""",failure,"+00:00",access,access,"x86_64",false,vagrant,b8dfaa1058004833be7bbd4cd6b06186,"10.0.2.15, fe80::a00:27ff:fe64:75a1, 192.168.50.2, fe80::a00:27ff:fe16:9625, 172.17.0.1, 172.18.0.1, fe80::42:9fff:fe90:3a38, fe80::3477:bff:fed2:4b53, fe80::d080:53ff:fe27:c38, fe80::e83f:e4ff:fee3:55c6, fe80::94ff:25ff:fe3f:a440, fe80::f80b:cdff:fe07:6823","02:42:7e:f6:95:aa, 02:42:9f:90:3a:38, 08:00:27:16:96:25, 08:00:27:64:75:a1, 36:77:0b:d2:4b:53, 96:ff:25:3f:a4:40, d2:80:53:27:0c:38, ea:3f:e4:e3:55:c6, fa:0b:cd:07:68:23",vagrant,jammy,debian,"5.15.0-30-generic",Ubuntu,Ubuntu,ubuntu,linux,"22.04 LTS (Jammy Jellyfish)",POST,"-","1.2KB",404,"1.1",log,"/var/log/nginx/access.log","-","3,791","-","192.168.0.102","-","-","192.168.0.102",nginx,"192.168.0.102","192.168.0.102","_geoip_database_unavailable_GeoLite2-City.mmdb, _geoip_database_unavailable_GeoLite2-ASN.mmdb",Other,"Mozilla/5.0 (compatible; Nmap Scripting Engine; https://nmap.org/book/nse.html)","-","-","/sdk","/sdk","/sdk",Other,Other,"Mozilla/5.0 (compatible; Nmap Scripting Engine; https://nmap.org/book/nse.html)","Mozilla/5.0 (compatible; Nmap Scripting Engine; https://nmap.org/book/nse.html)","-","-","-","-","-","-"
"Oct 24, 2022 @ 09:10:18.000","mbLCCoQB_uuaLSgicsts",".ds-filebeat-8.3.3-2022.09.27-000001","-","ad95561d-0629-40a6-b094-4180461523f4",vagrant,"7101e0c5-6c09-421a-8576-16c0dffbd6c2",vagrant,filebeat,"8.3.3","1.12.0",web,"Oct 24, 2022 @ 09:10:25.266","nginx.access","Oct 24, 2022 @ 09:10:26.276",event,nginx,"192.168.0.102 - - [24/Oct/2022:16:10:18 +0000] ""GET /.git/HEAD HTTP/1.1"" 404 1240 ""-"" ""Mozilla/5.0 (compatible; Nmap Scripting Engine; https://nmap.org/book/nse.html)"" ""-""",failure,"+00:00",access,access,"x86_64",false,vagrant,b8dfaa1058004833be7bbd4cd6b06186,"10.0.2.15, fe80::a00:27ff:fe64:75a1, 192.168.50.2, fe80::a00:27ff:fe16:9625, 172.17.0.1, 172.18.0.1, fe80::42:9fff:fe90:3a38, fe80::3477:bff:fed2:4b53, fe80::d080:53ff:fe27:c38, fe80::e83f:e4ff:fee3:55c6, fe80::94ff:25ff:fe3f:a440, fe80::f80b:cdff:fe07:6823","02:42:7e:f6:95:aa, 02:42:9f:90:3a:38, 08:00:27:16:96:25, 08:00:27:64:75:a1, 36:77:0b:d2:4b:53, 96:ff:25:3f:a4:40, d2:80:53:27:0c:38, ea:3f:e4:e3:55:c6, fa:0b:cd:07:68:23",vagrant,jammy,debian,"5.15.0-30-generic",Ubuntu,Ubuntu,ubuntu,linux,"22.04 LTS (Jammy Jellyfish)",GET,"-","1.2KB",404,"1.1",log,"/var/log/nginx/access.log","-","3,958","-","192.168.0.102","-","-","192.168.0.102",nginx,"192.168.0.102","192.168.0.102","_geoip_database_unavailable_GeoLite2-City.mmdb, _geoip_database_unavailable_GeoLite2-ASN.mmdb",Other,"Mozilla/5.0 (compatible; Nmap Scripting Engine; https://nmap.org/book/nse.html)","-","git/HEAD","/.git/HEAD","/.git/HEAD","/.git/HEAD",Other,Other,"Mozilla/5.0 (compatible; Nmap Scripting Engine; https://nmap.org/book/nse.html)","Mozilla/5.0 (compatible; Nmap Scripting Engine; https://nmap.org/book/nse.html)","-","-","-","-","-","-"
"Oct 24, 2022 @ 09:10:18.000","mrLCCoQB_uuaLSgicsts",".ds-filebeat-8.3.3-2022.09.27-000001","-","ad95561d-0629-40a6-b094-4180461523f4",vagrant,"7101e0c5-6c09-421a-8576-16c0dffbd6c2",vagrant,filebeat,"8.3.3","1.12.0",web,"Oct 24, 2022 @ 09:10:25.266","nginx.access","Oct 24, 2022 @ 09:10:26.276",event,nginx,"192.168.0.102 - - [24/Oct/2022:16:10:18 +0000] ""GET /nmaplowercheck1666627820 HTTP/1.1"" 404 1240 ""-"" ""Mozilla/5.0 (compatible; Nmap Scripting Engine; https://nmap.org/book/nse.html)"" ""-""",failure,"+00:00",access,access,"x86_64",false,vagrant,b8dfaa1058004833be7bbd4cd6b06186,"10.0.2.15, fe80::a00:27ff:fe64:75a1, 192.168.50.2, fe80::a00:27ff:fe16:9625, 172.17.0.1, 172.18.0.1, fe80::42:9fff:fe90:3a38, fe80::3477:bff:fed2:4b53, fe80::d080:53ff:fe27:c38, fe80::e83f:e4ff:fee3:55c6, fe80::94ff:25ff:fe3f:a440, fe80::f80b:cdff:fe07:6823","02:42:7e:f6:95:aa, 02:42:9f:90:3a:38, 08:00:27:16:96:25, 08:00:27:64:75:a1, 36:77:0b:d2:4b:53, 96:ff:25:3f:a4:40, d2:80:53:27:0c:38, ea:3f:e4:e3:55:c6, fa:0b:cd:07:68:23",vagrant,jammy,debian,"5.15.0-30-generic",Ubuntu,Ubuntu,ubuntu,linux,"22.04 LTS (Jammy Jellyfish)",GET,"-","1.2KB",404,"1.1",log,"/var/log/nginx/access.log","-","4,130","-","192.168.0.102","-","-","192.168.0.102",nginx,"192.168.0.102","192.168.0.102","_geoip_database_unavailable_GeoLite2-City.mmdb, _geoip_database_unavailable_GeoLite2-ASN.mmdb",Other,"Mozilla/5.0 (compatible; Nmap Scripting Engine; https://nmap.org/book/nse.html)","-","-","/nmaplowercheck1666627820","/nmaplowercheck1666627820","/nmaplowercheck1666627820",Other,Other,"Mozilla/5.0 (compatible; Nmap Scripting Engine; https://nmap.org/book/nse.html)","Mozilla/5.0 (compatible; Nmap Scripting Engine; https://nmap.org/book/nse.html)","-","-","-","-","-","-"
"Oct 24, 2022 @ 09:10:18.000","m7LCCoQB_uuaLSgicsts",".ds-filebeat-8.3.3-2022.09.27-000001","-","ad95561d-0629-40a6-b094-4180461523f4",vagrant,"7101e0c5-6c09-421a-8576-16c0dffbd6c2",vagrant,filebeat,"8.3.3","1.12.0",web,"Oct 24, 2022 @ 09:10:25.267","nginx.access","Oct 24, 2022 @ 09:10:26.277",event,nginx,"192.168.0.102 - - [24/Oct/2022:16:10:18 +0000] ""GET / HTTP/1.1"" 200 2922 ""-"" ""Mozilla/5.0 (compatible; Nmap Scripting Engine; https://nmap.org/book/nse.html)"" ""-""",success,"+00:00",access,access,"x86_64",false,vagrant,b8dfaa1058004833be7bbd4cd6b06186,"10.0.2.15, fe80::a00:27ff:fe64:75a1, 192.168.50.2, fe80::a00:27ff:fe16:9625, 172.17.0.1, 172.18.0.1, fe80::42:9fff:fe90:3a38, fe80::3477:bff:fed2:4b53, fe80::d080:53ff:fe27:c38, fe80::e83f:e4ff:fee3:55c6, fe80::94ff:25ff:fe3f:a440, fe80::f80b:cdff:fe07:6823","02:42:7e:f6:95:aa, 02:42:9f:90:3a:38, 08:00:27:16:96:25, 08:00:27:64:75:a1, 36:77:0b:d2:4b:53, 96:ff:25:3f:a4:40, d2:80:53:27:0c:38, ea:3f:e4:e3:55:c6, fa:0b:cd:07:68:23",vagrant,jammy,debian,"5.15.0-30-generic",Ubuntu,Ubuntu,ubuntu,linux,"22.04 LTS (Jammy Jellyfish)",GET,"-","2.9KB",200,"1.1",log,"/var/log/nginx/access.log","-","4,317","-","192.168.0.102","-","-","192.168.0.102",nginx,"192.168.0.102","192.168.0.102","_geoip_database_unavailable_GeoLite2-City.mmdb, _geoip_database_unavailable_GeoLite2-ASN.mmdb",Other,"Mozilla/5.0 (compatible; Nmap Scripting Engine; https://nmap.org/book/nse.html)","-","-","/","/","/",Other,Other,"Mozilla/5.0 (compatible; Nmap Scripting Engine; https://nmap.org/book/nse.html)","Mozilla/5.0 (compatible; Nmap Scripting Engine; https://nmap.org/book/nse.html)","-","-","-","-","-","-"
"Oct 24, 2022 @ 09:10:18.000","nLLCCoQB_uuaLSgicsts",".ds-filebeat-8.3.3-2022.09.27-000001","-","ad95561d-0629-40a6-b094-4180461523f4",vagrant,"7101e0c5-6c09-421a-8576-16c0dffbd6c2",vagrant,filebeat,"8.3.3","1.12.0",web,"Oct 24, 2022 @ 09:10:25.267","nginx.access","Oct 24, 2022 @ 09:10:26.277",event,nginx,"192.168.0.102 - - [24/Oct/2022:16:10:18 +0000] ""GET / HTTP/1.0"" 200 2922 ""-"" ""-"" ""-""",success,"+00:00",access,access,"x86_64",false,vagrant,b8dfaa1058004833be7bbd4cd6b06186,"10.0.2.15, fe80::a00:27ff:fe64:75a1, 192.168.50.2, fe80::a00:27ff:fe16:9625, 172.17.0.1, 172.18.0.1, fe80::42:9fff:fe90:3a38, fe80::3477:bff:fed2:4b53, fe80::d080:53ff:fe27:c38, fe80::e83f:e4ff:fee3:55c6, fe80::94ff:25ff:fe3f:a440, fe80::f80b:cdff:fe07:6823","02:42:7e:f6:95:aa, 02:42:9f:90:3a:38, 08:00:27:16:96:25, 08:00:27:64:75:a1, 36:77:0b:d2:4b:53, 96:ff:25:3f:a4:40, d2:80:53:27:0c:38, ea:3f:e4:e3:55:c6, fa:0b:cd:07:68:23",vagrant,jammy,debian,"5.15.0-30-generic",Ubuntu,Ubuntu,ubuntu,linux,"22.04 LTS (Jammy Jellyfish)",GET,"-","2.9KB",200,"1.0",log,"/var/log/nginx/access.log","-","4,480","-","192.168.0.102","-","-","192.168.0.102",nginx,"192.168.0.102","192.168.0.102","_geoip_database_unavailable_GeoLite2-City.mmdb, _geoip_database_unavailable_GeoLite2-ASN.mmdb","-","-","-","-","/","/","/","-","-","-","-","-","-","-","-","-","-"
"Oct 24, 2022 @ 09:10:18.000","nbLCCoQB_uuaLSgicsts",".ds-filebeat-8.3.3-2022.09.27-000001","-","ad95561d-0629-40a6-b094-4180461523f4",vagrant,"7101e0c5-6c09-421a-8576-16c0dffbd6c2",vagrant,filebeat,"8.3.3","1.12.0",web,"Oct 24, 2022 @ 09:10:25.267","nginx.access","Oct 24, 2022 @ 09:10:26.277",event,nginx,"192.168.0.102 - - [24/Oct/2022:16:10:18 +0000] ""GET /robots.txt HTTP/1.1"" 404 1240 ""-"" ""Mozilla/5.0 (compatible; Nmap Scripting Engine; https://nmap.org/book/nse.html)"" ""-""",failure,"+00:00",access,access,"x86_64",false,vagrant,b8dfaa1058004833be7bbd4cd6b06186,"10.0.2.15, fe80::a00:27ff:fe64:75a1, 192.168.50.2, fe80::a00:27ff:fe16:9625, 172.17.0.1, 172.18.0.1, fe80::42:9fff:fe90:3a38, fe80::3477:bff:fed2:4b53, fe80::d080:53ff:fe27:c38, fe80::e83f:e4ff:fee3:55c6, fe80::94ff:25ff:fe3f:a440, fe80::f80b:cdff:fe07:6823","02:42:7e:f6:95:aa, 02:42:9f:90:3a:38, 08:00:27:16:96:25, 08:00:27:64:75:a1, 36:77:0b:d2:4b:53, 96:ff:25:3f:a4:40, d2:80:53:27:0c:38, ea:3f:e4:e3:55:c6, fa:0b:cd:07:68:23",vagrant,jammy,debian,"5.15.0-30-generic",Ubuntu,Ubuntu,ubuntu,linux,"22.04 LTS (Jammy Jellyfish)",GET,"-","1.2KB",404,"1.1",log,"/var/log/nginx/access.log","-","4,565","-","192.168.0.102","-","-","192.168.0.102",nginx,"192.168.0.102","192.168.0.102","_geoip_database_unavailable_GeoLite2-City.mmdb, _geoip_database_unavailable_GeoLite2-ASN.mmdb",Other,"Mozilla/5.0 (compatible; Nmap Scripting Engine; https://nmap.org/book/nse.html)","-",txt,"/robots.txt","/robots.txt","/robots.txt",Other,Other,"Mozilla/5.0 (compatible; Nmap Scripting Engine; https://nmap.org/book/nse.html)","Mozilla/5.0 (compatible; Nmap Scripting Engine; https://nmap.org/book/nse.html)","-","-","-","-","-","-"
"Oct 24, 2022 @ 09:10:18.000","nrLCCoQB_uuaLSgicsts",".ds-filebeat-8.3.3-2022.09.27-000001","-","ad95561d-0629-40a6-b094-4180461523f4",vagrant,"7101e0c5-6c09-421a-8576-16c0dffbd6c2",vagrant,filebeat,"8.3.3","1.12.0",web,"Oct 24, 2022 @ 09:10:25.267","nginx.access","Oct 24, 2022 @ 09:10:26.278",event,nginx,"192.168.0.102 - - [24/Oct/2022:16:10:18 +0000] ""FUCP / HTTP/1.1"" 400 5 ""-"" ""Mozilla/5.0 (compatible; Nmap Scripting Engine; https://nmap.org/book/nse.html)"" ""-""",failure,"+00:00",access,access,"x86_64",false,vagrant,b8dfaa1058004833be7bbd4cd6b06186,"10.0.2.15, fe80::a00:27ff:fe64:75a1, 192.168.50.2, fe80::a00:27ff:fe16:9625, 172.17.0.1, 172.18.0.1, fe80::42:9fff:fe90:3a38, fe80::3477:bff:fed2:4b53, fe80::d080:53ff:fe27:c38, fe80::e83f:e4ff:fee3:55c6, fe80::94ff:25ff:fe3f:a440, fe80::f80b:cdff:fe07:6823","02:42:7e:f6:95:aa, 02:42:9f:90:3a:38, 08:00:27:16:96:25, 08:00:27:64:75:a1, 36:77:0b:d2:4b:53, 96:ff:25:3f:a4:40, d2:80:53:27:0c:38, ea:3f:e4:e3:55:c6, fa:0b:cd:07:68:23",vagrant,jammy,debian,"5.15.0-30-generic",Ubuntu,Ubuntu,ubuntu,linux,"22.04 LTS (Jammy Jellyfish)",FUCP,"-",5B,400,"1.1",log,"/var/log/nginx/access.log","-","4,738","-","192.168.0.102","-","-","192.168.0.102",nginx,"192.168.0.102","192.168.0.102","_geoip_database_unavailable_GeoLite2-City.mmdb, _geoip_database_unavailable_GeoLite2-ASN.mmdb",Other,"Mozilla/5.0 (compatible; Nmap Scripting Engine; https://nmap.org/book/nse.html)","-","-","/","/","/",Other,Other,"Mozilla/5.0 (compatible; Nmap Scripting Engine; https://nmap.org/book/nse.html)","Mozilla/5.0 (compatible; Nmap Scripting Engine; https://nmap.org/book/nse.html)","-","-","-","-","-","-"
"Oct 24, 2022 @ 09:10:18.000","n7LCCoQB_uuaLSgicsts",".ds-filebeat-8.3.3-2022.09.27-000001","-","ad95561d-0629-40a6-b094-4180461523f4",vagrant,"7101e0c5-6c09-421a-8576-16c0dffbd6c2",vagrant,filebeat,"8.3.3","1.12.0",web,"Oct 24, 2022 @ 09:10:25.267","nginx.access","Oct 24, 2022 @ 09:10:26.278",event,nginx,"192.168.0.102 - - [24/Oct/2022:16:10:18 +0000] ""OPTIONS / HTTP/1.1"" 200 8 ""-"" ""Mozilla/5.0 (compatible; Nmap Scripting Engine; https://nmap.org/book/nse.html)"" ""-""",success,"+00:00",access,access,"x86_64",false,vagrant,b8dfaa1058004833be7bbd4cd6b06186,"10.0.2.15, fe80::a00:27ff:fe64:75a1, 192.168.50.2, fe80::a00:27ff:fe16:9625, 172.17.0.1, 172.18.0.1, fe80::42:9fff:fe90:3a38, fe80::3477:bff:fed2:4b53, fe80::d080:53ff:fe27:c38, fe80::e83f:e4ff:fee3:55c6, fe80::94ff:25ff:fe3f:a440, fe80::f80b:cdff:fe07:6823","02:42:7e:f6:95:aa, 02:42:9f:90:3a:38, 08:00:27:16:96:25, 08:00:27:64:75:a1, 36:77:0b:d2:4b:53, 96:ff:25:3f:a4:40, d2:80:53:27:0c:38, ea:3f:e4:e3:55:c6, fa:0b:cd:07:68:23",vagrant,jammy,debian,"5.15.0-30-generic",Ubuntu,Ubuntu,ubuntu,linux,"22.04 LTS (Jammy Jellyfish)",OPTIONS,"-",8B,200,"1.1",log,"/var/log/nginx/access.log","-","4,899","-","192.168.0.102","-","-","192.168.0.102",nginx,"192.168.0.102","192.168.0.102","_geoip_database_unavailable_GeoLite2-City.mmdb, _geoip_database_unavailable_GeoLite2-ASN.mmdb",Other,"Mozilla/5.0 (compatible; Nmap Scripting Engine; https://nmap.org/book/nse.html)","-","-","/","/","/",Other,Other,"Mozilla/5.0 (compatible; Nmap Scripting Engine; https://nmap.org/book/nse.html)","Mozilla/5.0 (compatible; Nmap Scripting Engine; https://nmap.org/book/nse.html)","-","-","-","-","-","-"
"Oct 24, 2022 @ 09:10:18.000","oLLCCoQB_uuaLSgicsts",".ds-filebeat-8.3.3-2022.09.27-000001","-","ad95561d-0629-40a6-b094-4180461523f4",vagrant,"7101e0c5-6c09-421a-8576-16c0dffbd6c2",vagrant,filebeat,"8.3.3","1.12.0",web,"Oct 24, 2022 @ 09:10:25.267","nginx.access","Oct 24, 2022 @ 09:10:26.279",event,nginx,"192.168.0.102 - - [24/Oct/2022:16:10:18 +0000] ""PROPFIND / HTTP/1.1"" 404 1240 ""-"" ""Mozilla/5.0 (compatible; Nmap Scripting Engine; https://nmap.org/book/nse.html)"" ""-""",failure,"+00:00",access,access,"x86_64",false,vagrant,b8dfaa1058004833be7bbd4cd6b06186,"10.0.2.15, fe80::a00:27ff:fe64:75a1, 192.168.50.2, fe80::a00:27ff:fe16:9625, 172.17.0.1, 172.18.0.1, fe80::42:9fff:fe90:3a38, fe80::3477:bff:fed2:4b53, fe80::d080:53ff:fe27:c38, fe80::e83f:e4ff:fee3:55c6, fe80::94ff:25ff:fe3f:a440, fe80::f80b:cdff:fe07:6823","02:42:7e:f6:95:aa, 02:42:9f:90:3a:38, 08:00:27:16:96:25, 08:00:27:64:75:a1, 36:77:0b:d2:4b:53, 96:ff:25:3f:a4:40, d2:80:53:27:0c:38, ea:3f:e4:e3:55:c6, fa:0b:cd:07:68:23",vagrant,jammy,debian,"5.15.0-30-generic",Ubuntu,Ubuntu,ubuntu,linux,"22.04 LTS (Jammy Jellyfish)",PROPFIND,"-","1.2KB",404,"1.1",log,"/var/log/nginx/access.log","-","5,063","-","192.168.0.102","-","-","192.168.0.102",nginx,"192.168.0.102","192.168.0.102","_geoip_database_unavailable_GeoLite2-City.mmdb, _geoip_database_unavailable_GeoLite2-ASN.mmdb",Other,"Mozilla/5.0 (compatible; Nmap Scripting Engine; https://nmap.org/book/nse.html)","-","-","/","/","/",Other,Other,"Mozilla/5.0 (compatible; Nmap Scripting Engine; https://nmap.org/book/nse.html)","Mozilla/5.0 (compatible; Nmap Scripting Engine; https://nmap.org/book/nse.html)","-","-","-","-","-","-"
"Oct 24, 2022 @ 09:10:18.000","obLCCoQB_uuaLSgicsts",".ds-filebeat-8.3.3-2022.09.27-000001","-","ad95561d-0629-40a6-b094-4180461523f4",vagrant,"7101e0c5-6c09-421a-8576-16c0dffbd6c2",vagrant,filebeat,"8.3.3","1.12.0",web,"Oct 24, 2022 @ 09:10:25.267","nginx.access","Oct 24, 2022 @ 09:10:26.279",event,nginx,"192.168.0.102 - - [24/Oct/2022:16:10:18 +0000] ""POST / HTTP/1.1"" 404 1240 ""-"" ""Mozilla/5.0 (compatible; Nmap Scripting Engine; https://nmap.org/book/nse.html)"" ""-""",failure,"+00:00",access,access,"x86_64",false,vagrant,b8dfaa1058004833be7bbd4cd6b06186,"10.0.2.15, fe80::a00:27ff:fe64:75a1, 192.168.50.2, fe80::a00:27ff:fe16:9625, 172.17.0.1, 172.18.0.1, fe80::42:9fff:fe90:3a38, fe80::3477:bff:fed2:4b53, fe80::d080:53ff:fe27:c38, fe80::e83f:e4ff:fee3:55c6, fe80::94ff:25ff:fe3f:a440, fe80::f80b:cdff:fe07:6823","02:42:7e:f6:95:aa, 02:42:9f:90:3a:38, 08:00:27:16:96:25, 08:00:27:64:75:a1, 36:77:0b:d2:4b:53, 96:ff:25:3f:a4:40, d2:80:53:27:0c:38, ea:3f:e4:e3:55:c6, fa:0b:cd:07:68:23",vagrant,jammy,debian,"5.15.0-30-generic",Ubuntu,Ubuntu,ubuntu,linux,"22.04 LTS (Jammy Jellyfish)",POST,"-","1.2KB",404,"1.1",log,"/var/log/nginx/access.log","-","5,231","-","192.168.0.102","-","-","192.168.0.102",nginx,"192.168.0.102","192.168.0.102","_geoip_database_unavailable_GeoLite2-City.mmdb, _geoip_database_unavailable_GeoLite2-ASN.mmdb",Other,"Mozilla/5.0 (compatible; Nmap Scripting Engine; https://nmap.org/book/nse.html)","-","-","/","/","/",Other,Other,"Mozilla/5.0 (compatible; Nmap Scripting Engine; https://nmap.org/book/nse.html)","Mozilla/5.0 (compatible; Nmap Scripting Engine; https://nmap.org/book/nse.html)","-","-","-","-","-","-"
"Oct 24, 2022 @ 09:10:18.000","orLCCoQB_uuaLSgicsts",".ds-filebeat-8.3.3-2022.09.27-000001","-","ad95561d-0629-40a6-b094-4180461523f4",vagrant,"7101e0c5-6c09-421a-8576-16c0dffbd6c2",vagrant,filebeat,"8.3.3","1.12.0",web,"Oct 24, 2022 @ 09:10:25.267","nginx.access","Oct 24, 2022 @ 09:10:26.279",event,nginx,"192.168.0.102 - - [24/Oct/2022:16:10:18 +0000] ""OPTIONS / HTTP/1.1"" 200 8 ""-"" ""Mozilla/5.0 (compatible; Nmap Scripting Engine; https://nmap.org/book/nse.html)"" ""-""",success,"+00:00",access,access,"x86_64",false,vagrant,b8dfaa1058004833be7bbd4cd6b06186,"10.0.2.15, fe80::a00:27ff:fe64:75a1, 192.168.50.2, fe80::a00:27ff:fe16:9625, 172.17.0.1, 172.18.0.1, fe80::42:9fff:fe90:3a38, fe80::3477:bff:fed2:4b53, fe80::d080:53ff:fe27:c38, fe80::e83f:e4ff:fee3:55c6, fe80::94ff:25ff:fe3f:a440, fe80::f80b:cdff:fe07:6823","02:42:7e:f6:95:aa, 02:42:9f:90:3a:38, 08:00:27:16:96:25, 08:00:27:64:75:a1, 36:77:0b:d2:4b:53, 96:ff:25:3f:a4:40, d2:80:53:27:0c:38, ea:3f:e4:e3:55:c6, fa:0b:cd:07:68:23",vagrant,jammy,debian,"5.15.0-30-generic",Ubuntu,Ubuntu,ubuntu,linux,"22.04 LTS (Jammy Jellyfish)",OPTIONS,"-",8B,200,"1.1",log,"/var/log/nginx/access.log","-","5,395","-","192.168.0.102","-","-","192.168.0.102",nginx,"192.168.0.102","192.168.0.102","_geoip_database_unavailable_GeoLite2-City.mmdb, _geoip_database_unavailable_GeoLite2-ASN.mmdb",Other,"Mozilla/5.0 (compatible; Nmap Scripting Engine; https://nmap.org/book/nse.html)","-","-","/","/","/",Other,Other,"Mozilla/5.0 (compatible; Nmap Scripting Engine; https://nmap.org/book/nse.html)","Mozilla/5.0 (compatible; Nmap Scripting Engine; https://nmap.org/book/nse.html)","-","-","-","-","-","-"
"Oct 24, 2022 @ 09:10:18.000","o7LCCoQB_uuaLSgicsts",".ds-filebeat-8.3.3-2022.09.27-000001","-","ad95561d-0629-40a6-b094-4180461523f4",vagrant,"7101e0c5-6c09-421a-8576-16c0dffbd6c2",vagrant,filebeat,"8.3.3","1.12.0",web,"Oct 24, 2022 @ 09:10:25.267","nginx.access","Oct 24, 2022 @ 09:10:26.280",event,nginx,"192.168.0.102 - - [24/Oct/2022:16:10:18 +0000] ""GET /evox/about HTTP/1.1"" 404 1240 ""-"" ""Mozilla/5.0 (compatible; Nmap Scripting Engine; https://nmap.org/book/nse.html)"" ""-""",failure,"+00:00",access,access,"x86_64",false,vagrant,b8dfaa1058004833be7bbd4cd6b06186,"10.0.2.15, fe80::a00:27ff:fe64:75a1, 192.168.50.2, fe80::a00:27ff:fe16:9625, 172.17.0.1, 172.18.0.1, fe80::42:9fff:fe90:3a38, fe80::3477:bff:fed2:4b53, fe80::d080:53ff:fe27:c38, fe80::e83f:e4ff:fee3:55c6, fe80::94ff:25ff:fe3f:a440, fe80::f80b:cdff:fe07:6823","02:42:7e:f6:95:aa, 02:42:9f:90:3a:38, 08:00:27:16:96:25, 08:00:27:64:75:a1, 36:77:0b:d2:4b:53, 96:ff:25:3f:a4:40, d2:80:53:27:0c:38, ea:3f:e4:e3:55:c6, fa:0b:cd:07:68:23",vagrant,jammy,debian,"5.15.0-30-generic",Ubuntu,Ubuntu,ubuntu,linux,"22.04 LTS (Jammy Jellyfish)",GET,"-","1.2KB",404,"1.1",log,"/var/log/nginx/access.log","-","5,559","-","192.168.0.102","-","-","192.168.0.102",nginx,"192.168.0.102","192.168.0.102","_geoip_database_unavailable_GeoLite2-City.mmdb, _geoip_database_unavailable_GeoLite2-ASN.mmdb",Other,"Mozilla/5.0 (compatible; Nmap Scripting Engine; https://nmap.org/book/nse.html)","-","-","/evox/about","/evox/about","/evox/about",Other,Other,"Mozilla/5.0 (compatible; Nmap Scripting Engine; https://nmap.org/book/nse.html)","Mozilla/5.0 (compatible; Nmap Scripting Engine; https://nmap.org/book/nse.html)","-","-","-","-","-","-"
"Oct 24, 2022 @ 09:10:18.000","pLLCCoQB_uuaLSgicsts",".ds-filebeat-8.3.3-2022.09.27-000001","-","ad95561d-0629-40a6-b094-4180461523f4",vagrant,"7101e0c5-6c09-421a-8576-16c0dffbd6c2",vagrant,filebeat,"8.3.3","1.12.0",web,"Oct 24, 2022 @ 09:10:25.267","nginx.access","Oct 24, 2022 @ 09:10:26.280",event,nginx,"192.168.0.102 - - [24/Oct/2022:16:10:18 +0000] ""GET /HNAP1 HTTP/1.1"" 404 1240 ""-"" ""Mozilla/5.0 (compatible; Nmap Scripting Engine; https://nmap.org/book/nse.html)"" ""-""",failure,"+00:00",access,access,"x86_64",false,vagrant,b8dfaa1058004833be7bbd4cd6b06186,"10.0.2.15, fe80::a00:27ff:fe64:75a1, 192.168.50.2, fe80::a00:27ff:fe16:9625, 172.17.0.1, 172.18.0.1, fe80::42:9fff:fe90:3a38, fe80::3477:bff:fed2:4b53, fe80::d080:53ff:fe27:c38, fe80::e83f:e4ff:fee3:55c6, fe80::94ff:25ff:fe3f:a440, fe80::f80b:cdff:fe07:6823","02:42:7e:f6:95:aa, 02:42:9f:90:3a:38, 08:00:27:16:96:25, 08:00:27:64:75:a1, 36:77:0b:d2:4b:53, 96:ff:25:3f:a4:40, d2:80:53:27:0c:38, ea:3f:e4:e3:55:c6, fa:0b:cd:07:68:23",vagrant,jammy,debian,"5.15.0-30-generic",Ubuntu,Ubuntu,ubuntu,linux,"22.04 LTS (Jammy Jellyfish)",GET,"-","1.2KB",404,"1.1",log,"/var/log/nginx/access.log","-","5,732","-","192.168.0.102","-","-","192.168.0.102",nginx,"192.168.0.102","192.168.0.102","_geoip_database_unavailable_GeoLite2-City.mmdb, _geoip_database_unavailable_GeoLite2-ASN.mmdb",Other,"Mozilla/5.0 (compatible; Nmap Scripting Engine; https://nmap.org/book/nse.html)","-","-","/HNAP1","/HNAP1","/HNAP1",Other,Other,"Mozilla/5.0 (compatible; Nmap Scripting Engine; https://nmap.org/book/nse.html)","Mozilla/5.0 (compatible; Nmap Scripting Engine; https://nmap.org/book/nse.html)","-","-","-","-","-","-"
"Oct 24, 2022 @ 09:10:18.000","pbLCCoQB_uuaLSgicsts",".ds-filebeat-8.3.3-2022.09.27-000001","-","ad95561d-0629-40a6-b094-4180461523f4",vagrant,"7101e0c5-6c09-421a-8576-16c0dffbd6c2",vagrant,filebeat,"8.3.3","1.12.0",web,"Oct 24, 2022 @ 09:10:25.267","nginx.access","Oct 24, 2022 @ 09:10:26.281",event,nginx,"192.168.0.102 - - [24/Oct/2022:16:10:18 +0000] ""OPTIONS / HTTP/1.1"" 200 8 ""-"" ""Mozilla/5.0 (compatible; Nmap Scripting Engine; https://nmap.org/book/nse.html)"" ""-""",success,"+00:00",access,access,"x86_64",false,vagrant,b8dfaa1058004833be7bbd4cd6b06186,"10.0.2.15, fe80::a00:27ff:fe64:75a1, 192.168.50.2, fe80::a00:27ff:fe16:9625, 172.17.0.1, 172.18.0.1, fe80::42:9fff:fe90:3a38, fe80::3477:bff:fed2:4b53, fe80::d080:53ff:fe27:c38, fe80::e83f:e4ff:fee3:55c6, fe80::94ff:25ff:fe3f:a440, fe80::f80b:cdff:fe07:6823","02:42:7e:f6:95:aa, 02:42:9f:90:3a:38, 08:00:27:16:96:25, 08:00:27:64:75:a1, 36:77:0b:d2:4b:53, 96:ff:25:3f:a4:40, d2:80:53:27:0c:38, ea:3f:e4:e3:55:c6, fa:0b:cd:07:68:23",vagrant,jammy,debian,"5.15.0-30-generic",Ubuntu,Ubuntu,ubuntu,linux,"22.04 LTS (Jammy Jellyfish)",OPTIONS,"-",8B,200,"1.1",log,"/var/log/nginx/access.log","-","5,900","-","192.168.0.102","-","-","192.168.0.102",nginx,"192.168.0.102","192.168.0.102","_geoip_database_unavailable_GeoLite2-City.mmdb, _geoip_database_unavailable_GeoLite2-ASN.mmdb",Other,"Mozilla/5.0 (compatible; Nmap Scripting Engine; https://nmap.org/book/nse.html)","-","-","/","/","/",Other,Other,"Mozilla/5.0 (compatible; Nmap Scripting Engine; https://nmap.org/book/nse.html)","Mozilla/5.0 (compatible; Nmap Scripting Engine; https://nmap.org/book/nse.html)","-","-","-","-","-","-"
"Oct 24, 2022 @ 09:10:18.000","prLCCoQB_uuaLSgicsts",".ds-filebeat-8.3.3-2022.09.27-000001","-","ad95561d-0629-40a6-b094-4180461523f4",vagrant,"7101e0c5-6c09-421a-8576-16c0dffbd6c2",vagrant,filebeat,"8.3.3","1.12.0",web,"Oct 24, 2022 @ 09:10:25.267","nginx.access","Oct 24, 2022 @ 09:10:26.281",event,nginx,"192.168.0.102 - - [24/Oct/2022:16:10:18 +0000] ""OPTIONS / HTTP/1.1"" 200 8 ""-"" ""Mozilla/5.0 (compatible; Nmap Scripting Engine; https://nmap.org/book/nse.html)"" ""-""",success,"+00:00",access,access,"x86_64",false,vagrant,b8dfaa1058004833be7bbd4cd6b06186,"10.0.2.15, fe80::a00:27ff:fe64:75a1, 192.168.50.2, fe80::a00:27ff:fe16:9625, 172.17.0.1, 172.18.0.1, fe80::42:9fff:fe90:3a38, fe80::3477:bff:fed2:4b53, fe80::d080:53ff:fe27:c38, fe80::e83f:e4ff:fee3:55c6, fe80::94ff:25ff:fe3f:a440, fe80::f80b:cdff:fe07:6823","02:42:7e:f6:95:aa, 02:42:9f:90:3a:38, 08:00:27:16:96:25, 08:00:27:64:75:a1, 36:77:0b:d2:4b:53, 96:ff:25:3f:a4:40, d2:80:53:27:0c:38, ea:3f:e4:e3:55:c6, fa:0b:cd:07:68:23",vagrant,jammy,debian,"5.15.0-30-generic",Ubuntu,Ubuntu,ubuntu,linux,"22.04 LTS (Jammy Jellyfish)",OPTIONS,"-",8B,200,"1.1",log,"/var/log/nginx/access.log","-","6,064","-","192.168.0.102","-","-","192.168.0.102",nginx,"192.168.0.102","192.168.0.102","_geoip_database_unavailable_GeoLite2-City.mmdb, _geoip_database_unavailable_GeoLite2-ASN.mmdb",Other,"Mozilla/5.0 (compatible; Nmap Scripting Engine; https://nmap.org/book/nse.html)","-","-","/","/","/",Other,Other,"Mozilla/5.0 (compatible; Nmap Scripting Engine; https://nmap.org/book/nse.html)","Mozilla/5.0 (compatible; Nmap Scripting Engine; https://nmap.org/book/nse.html)","-","-","-","-","-","-"
"Oct 24, 2022 @ 09:10:18.000","p7LCCoQB_uuaLSgicsts",".ds-filebeat-8.3.3-2022.09.27-000001","-","ad95561d-0629-40a6-b094-4180461523f4",vagrant,"7101e0c5-6c09-421a-8576-16c0dffbd6c2",vagrant,filebeat,"8.3.3","1.12.0",web,"Oct 24, 2022 @ 09:10:25.267","nginx.access","Oct 24, 2022 @ 09:10:26.281",event,nginx,"192.168.0.102 - - [24/Oct/2022:16:10:18 +0000] ""GET /favicon.ico HTTP/1.1"" 404 1240 ""-"" ""Mozilla/5.0 (compatible; Nmap Scripting Engine; https://nmap.org/book/nse.html)"" ""-""",failure,"+00:00",access,access,"x86_64",false,vagrant,b8dfaa1058004833be7bbd4cd6b06186,"10.0.2.15, fe80::a00:27ff:fe64:75a1, 192.168.50.2, fe80::a00:27ff:fe16:9625, 172.17.0.1, 172.18.0.1, fe80::42:9fff:fe90:3a38, fe80::3477:bff:fed2:4b53, fe80::d080:53ff:fe27:c38, fe80::e83f:e4ff:fee3:55c6, fe80::94ff:25ff:fe3f:a440, fe80::f80b:cdff:fe07:6823","02:42:7e:f6:95:aa, 02:42:9f:90:3a:38, 08:00:27:16:96:25, 08:00:27:64:75:a1, 36:77:0b:d2:4b:53, 96:ff:25:3f:a4:40, d2:80:53:27:0c:38, ea:3f:e4:e3:55:c6, fa:0b:cd:07:68:23",vagrant,jammy,debian,"5.15.0-30-generic",Ubuntu,Ubuntu,ubuntu,linux,"22.04 LTS (Jammy Jellyfish)",GET,"-","1.2KB",404,"1.1",log,"/var/log/nginx/access.log","-","6,228","-","192.168.0.102","-","-","192.168.0.102",nginx,"192.168.0.102","192.168.0.102","_geoip_database_unavailable_GeoLite2-City.mmdb, _geoip_database_unavailable_GeoLite2-ASN.mmdb",Other,"Mozilla/5.0 (compatible; Nmap Scripting Engine; https://nmap.org/book/nse.html)","-",ico,"/favicon.ico","/favicon.ico","/favicon.ico",Other,Other,"Mozilla/5.0 (compatible; Nmap Scripting Engine; https://nmap.org/book/nse.html)","Mozilla/5.0 (compatible; Nmap Scripting Engine; https://nmap.org/book/nse.html)","-","-","-","-","-","-"
"Oct 24, 2022 @ 09:10:00.000","QrLCCoQB_uuaLSgiN8vB",".ds-filebeat-8.3.3-2022.09.27-000001","-","ad95561d-0629-40a6-b094-4180461523f4",vagrant,"7101e0c5-6c09-421a-8576-16c0dffbd6c2",vagrant,filebeat,"8.3.3","1.12.0",web,"Oct 24, 2022 @ 09:10:10.259","nginx.access","Oct 24, 2022 @ 09:10:11.264",event,nginx,"192.168.0.102 - - [24/Oct/2022:16:10:00 +0000] ""GET / HTTP/1.0"" 200 2922 ""-"" ""-"" ""-""",success,"+00:00",access,access,"x86_64",false,vagrant,b8dfaa1058004833be7bbd4cd6b06186,"10.0.2.15, fe80::a00:27ff:fe64:75a1, 192.168.50.2, fe80::a00:27ff:fe16:9625, 172.17.0.1, 172.18.0.1, fe80::42:9fff:fe90:3a38, fe80::3477:bff:fed2:4b53, fe80::d080:53ff:fe27:c38, fe80::e83f:e4ff:fee3:55c6, fe80::94ff:25ff:fe3f:a440, fe80::f80b:cdff:fe07:6823","02:42:7e:f6:95:aa, 02:42:9f:90:3a:38, 08:00:27:16:96:25, 08:00:27:64:75:a1, 36:77:0b:d2:4b:53, 96:ff:25:3f:a4:40, d2:80:53:27:0c:38, ea:3f:e4:e3:55:c6, fa:0b:cd:07:68:23",vagrant,jammy,debian,"5.15.0-30-generic",Ubuntu,Ubuntu,ubuntu,linux,"22.04 LTS (Jammy Jellyfish)",GET,"-","2.9KB",200,"1.0",log,"/var/log/nginx/access.log","-","2,714","-","192.168.0.102","-","-","192.168.0.102",nginx,"192.168.0.102","192.168.0.102","_geoip_database_unavailable_GeoLite2-City.mmdb, _geoip_database_unavailable_GeoLite2-ASN.mmdb","-","-","-","-","/","/","/","-","-","-","-","-","-","-","-","-","-"
"Oct 24, 2022 @ 09:05:19.000","IrK9CoQB_uuaLSgi5cZw",".ds-filebeat-8.3.3-2022.09.27-000001","-","ad95561d-0629-40a6-b094-4180461523f4",vagrant,"7101e0c5-6c09-421a-8576-16c0dffbd6c2",vagrant,filebeat,"8.3.3","1.12.0",web,"Oct 24, 2022 @ 09:05:27.042","nginx.access","Oct 24, 2022 @ 09:05:28.045",event,nginx,"192.168.0.102 - - [24/Oct/2022:16:05:19 +0000] ""POST /auth_login HTTP/1.1"" 302 46 ""http://192.168.0.254/"" ""Mozilla/5.0 (Windows NT 10.0; Win64; x64; rv:107.0) Gecko/20100101 Firefox/107.0"" ""-""",success,"+00:00",access,access,"x86_64",false,vagrant,b8dfaa1058004833be7bbd4cd6b06186,"10.0.2.15, fe80::a00:27ff:fe64:75a1, 192.168.50.2, fe80::a00:27ff:fe16:9625, 172.17.0.1, 172.18.0.1, fe80::42:9fff:fe90:3a38, fe80::3477:bff:fed2:4b53, fe80::d080:53ff:fe27:c38, fe80::e83f:e4ff:fee3:55c6, fe80::94ff:25ff:fe3f:a440, fe80::f80b:cdff:fe07:6823","02:42:7e:f6:95:aa, 02:42:9f:90:3a:38, 08:00:27:16:96:25, 08:00:27:64:75:a1, 36:77:0b:d2:4b:53, 96:ff:25:3f:a4:40, d2:80:53:27:0c:38, ea:3f:e4:e3:55:c6, fa:0b:cd:07:68:23",vagrant,jammy,debian,"5.15.0-30-generic",Ubuntu,Ubuntu,ubuntu,linux,"22.04 LTS (Jammy Jellyfish)",POST,"http://192.168.0.254/",46B,302,"1.1",log,"/var/log/nginx/access.log","-","2,135","-","192.168.0.102","-","-","192.168.0.102",nginx,"192.168.0.102","192.168.0.102","_geoip_database_unavailable_GeoLite2-City.mmdb, _geoip_database_unavailable_GeoLite2-ASN.mmdb",Firefox,"Mozilla/5.0 (Windows NT 10.0; Win64; x64; rv:107.0) Gecko/20100101 Firefox/107.0",Windows,"-","/auth_login","/auth_login","/auth_login",Other,Firefox,"Mozilla/5.0 (Windows NT 10.0; Win64; x64; rv:107.0) Gecko/20100101 Firefox/107.0","Mozilla/5.0 (Windows NT 10.0; Win64; x64; rv:107.0) Gecko/20100101 Firefox/107.0","Windows 10","Windows 10",Windows,Windows,10,"107.0."
"Oct 24, 2022 @ 09:05:19.000","I7K9CoQB_uuaLSgi5cZw",".ds-filebeat-8.3.3-2022.09.27-000001","-","ad95561d-0629-40a6-b094-4180461523f4",vagrant,"7101e0c5-6c09-421a-8576-16c0dffbd6c2",vagrant,filebeat,"8.3.3","1.12.0",web,"Oct 24, 2022 @ 09:05:27.042","nginx.access","Oct 24, 2022 @ 09:05:28.047",event,nginx,"192.168.0.102 - - [24/Oct/2022:16:05:19 +0000] ""GET / HTTP/1.1"" 200 3001 ""http://192.168.0.254/"" ""Mozilla/5.0 (Windows NT 10.0; Win64; x64; rv:107.0) Gecko/20100101 Firefox/107.0"" ""-""",success,"+00:00",access,access,"x86_64",false,vagrant,b8dfaa1058004833be7bbd4cd6b06186,"10.0.2.15, fe80::a00:27ff:fe64:75a1, 192.168.50.2, fe80::a00:27ff:fe16:9625, 172.17.0.1, 172.18.0.1, fe80::42:9fff:fe90:3a38, fe80::3477:bff:fed2:4b53, fe80::d080:53ff:fe27:c38, fe80::e83f:e4ff:fee3:55c6, fe80::94ff:25ff:fe3f:a440, fe80::f80b:cdff:fe07:6823","02:42:7e:f6:95:aa, 02:42:9f:90:3a:38, 08:00:27:16:96:25, 08:00:27:64:75:a1, 36:77:0b:d2:4b:53, 96:ff:25:3f:a4:40, d2:80:53:27:0c:38, ea:3f:e4:e3:55:c6, fa:0b:cd:07:68:23",vagrant,jammy,debian,"5.15.0-30-generic",Ubuntu,Ubuntu,ubuntu,linux,"22.04 LTS (Jammy Jellyfish)",GET,"http://192.168.0.254/","2.9KB",200,"1.1",log,"/var/log/nginx/access.log","-","2,328","-","192.168.0.102","-","-","192.168.0.102",nginx,"192.168.0.102","192.168.0.102","_geoip_database_unavailable_GeoLite2-City.mmdb, _geoip_database_unavailable_GeoLite2-ASN.mmdb",Firefox,"Mozilla/5.0 (Windows NT 10.0; Win64; x64; rv:107.0) Gecko/20100101 Firefox/107.0",Windows,"-","/","/","/",Other,Firefox,"Mozilla/5.0 (Windows NT 10.0; Win64; x64; rv:107.0) Gecko/20100101 Firefox/107.0","Mozilla/5.0 (Windows NT 10.0; Win64; x64; rv:107.0) Gecko/20100101 Firefox/107.0","Windows 10","Windows 10",Windows,Windows,10,"107.0."
"Oct 24, 2022 @ 09:05:19.000","JLK9CoQB_uuaLSgi5cZw",".ds-filebeat-8.3.3-2022.09.27-000001","-","ad95561d-0629-40a6-b094-4180461523f4",vagrant,"7101e0c5-6c09-421a-8576-16c0dffbd6c2",vagrant,filebeat,"8.3.3","1.12.0",web,"Oct 24, 2022 @ 09:05:27.043","nginx.access","Oct 24, 2022 @ 09:05:28.047",event,nginx,"192.168.0.102 - - [24/Oct/2022:16:05:19 +0000] ""GET /stylesheets/style.css HTTP/1.1"" 304 0 ""http://192.168.0.254/"" ""Mozilla/5.0 (Windows NT 10.0; Win64; x64; rv:107.0) Gecko/20100101 Firefox/107.0"" ""-""",success,"+00:00",access,access,"x86_64",false,vagrant,b8dfaa1058004833be7bbd4cd6b06186,"10.0.2.15, fe80::a00:27ff:fe64:75a1, 192.168.50.2, fe80::a00:27ff:fe16:9625, 172.17.0.1, 172.18.0.1, fe80::42:9fff:fe90:3a38, fe80::3477:bff:fed2:4b53, fe80::d080:53ff:fe27:c38, fe80::e83f:e4ff:fee3:55c6, fe80::94ff:25ff:fe3f:a440, fe80::f80b:cdff:fe07:6823","02:42:7e:f6:95:aa, 02:42:9f:90:3a:38, 08:00:27:16:96:25, 08:00:27:64:75:a1, 36:77:0b:d2:4b:53, 96:ff:25:3f:a4:40, d2:80:53:27:0c:38, ea:3f:e4:e3:55:c6, fa:0b:cd:07:68:23",vagrant,jammy,debian,"5.15.0-30-generic",Ubuntu,Ubuntu,ubuntu,linux,"22.04 LTS (Jammy Jellyfish)",GET,"http://192.168.0.254/",0B,304,"1.1",log,"/var/log/nginx/access.log","-","2,512","-","192.168.0.102","-","-","192.168.0.102",nginx,"192.168.0.102","192.168.0.102","_geoip_database_unavailable_GeoLite2-City.mmdb, _geoip_database_unavailable_GeoLite2-ASN.mmdb",Firefox,"Mozilla/5.0 (Windows NT 10.0; Win64; x64; rv:107.0) Gecko/20100101 Firefox/107.0",Windows,css,"/stylesheets/style.css","/stylesheets/style.css","/stylesheets/style.css",Other,Firefox,"Mozilla/5.0 (Windows NT 10.0; Win64; x64; rv:107.0) Gecko/20100101 Firefox/107.0","Mozilla/5.0 (Windows NT 10.0; Win64; x64; rv:107.0) Gecko/20100101 Firefox/107.0","Windows 10","Windows 10",Windows,Windows,10,"107.0."
"Oct 24, 2022 @ 09:05:11.000","6bK9CoQB_uuaLSgiqsXV",".ds-filebeat-8.3.3-2022.09.27-000001","-","ad95561d-0629-40a6-b094-4180461523f4",vagrant,"7101e0c5-6c09-421a-8576-16c0dffbd6c2",vagrant,filebeat,"8.3.3","1.12.0",web,"Oct 24, 2022 @ 09:05:12.040","nginx.access","Oct 24, 2022 @ 09:05:13.042",event,nginx,"192.168.0.102 - - [24/Oct/2022:16:05:11 +0000] ""GET /logout HTTP/1.1"" 302 46 ""http://192.168.0.254/home"" ""Mozilla/5.0 (Windows NT 10.0; Win64; x64; rv:107.0) Gecko/20100101 Firefox/107.0"" ""-""",success,"+00:00",access,access,"x86_64",false,vagrant,b8dfaa1058004833be7bbd4cd6b06186,"10.0.2.15, fe80::a00:27ff:fe64:75a1, 192.168.50.2, fe80::a00:27ff:fe16:9625, 172.17.0.1, 172.18.0.1, fe80::42:9fff:fe90:3a38, fe80::3477:bff:fed2:4b53, fe80::d080:53ff:fe27:c38, fe80::e83f:e4ff:fee3:55c6, fe80::94ff:25ff:fe3f:a440, fe80::f80b:cdff:fe07:6823","02:42:7e:f6:95:aa, 02:42:9f:90:3a:38, 08:00:27:16:96:25, 08:00:27:64:75:a1, 36:77:0b:d2:4b:53, 96:ff:25:3f:a4:40, d2:80:53:27:0c:38, ea:3f:e4:e3:55:c6, fa:0b:cd:07:68:23",vagrant,jammy,debian,"5.15.0-30-generic",Ubuntu,Ubuntu,ubuntu,linux,"22.04 LTS (Jammy Jellyfish)",GET,"http://192.168.0.254/home",46B,302,"1.1",log,"/var/log/nginx/access.log","-","1,553","-","192.168.0.102","-","-","192.168.0.102",nginx,"192.168.0.102","192.168.0.102","_geoip_database_unavailable_GeoLite2-City.mmdb, _geoip_database_unavailable_GeoLite2-ASN.mmdb",Firefox,"Mozilla/5.0 (Windows NT 10.0; Win64; x64; rv:107.0) Gecko/20100101 Firefox/107.0",Windows,"-","/logout","/logout","/logout",Other,Firefox,"Mozilla/5.0 (Windows NT 10.0; Win64; x64; rv:107.0) Gecko/20100101 Firefox/107.0","Mozilla/5.0 (Windows NT 10.0; Win64; x64; rv:107.0) Gecko/20100101 Firefox/107.0","Windows 10","Windows 10",Windows,Windows,10,"107.0."
"Oct 24, 2022 @ 09:05:11.000","6rK9CoQB_uuaLSgiqsXV",".ds-filebeat-8.3.3-2022.09.27-000001","-","ad95561d-0629-40a6-b094-4180461523f4",vagrant,"7101e0c5-6c09-421a-8576-16c0dffbd6c2",vagrant,filebeat,"8.3.3","1.12.0",web,"Oct 24, 2022 @ 09:05:12.040","nginx.access","Oct 24, 2022 @ 09:05:13.044",event,nginx,"192.168.0.102 - - [24/Oct/2022:16:05:11 +0000] ""GET / HTTP/1.1"" 200 2922 ""http://192.168.0.254/home"" ""Mozilla/5.0 (Windows NT 10.0; Win64; x64; rv:107.0) Gecko/20100101 Firefox/107.0"" ""-""",success,"+00:00",access,access,"x86_64",false,vagrant,b8dfaa1058004833be7bbd4cd6b06186,"10.0.2.15, fe80::a00:27ff:fe64:75a1, 192.168.50.2, fe80::a00:27ff:fe16:9625, 172.17.0.1, 172.18.0.1, fe80::42:9fff:fe90:3a38, fe80::3477:bff:fed2:4b53, fe80::d080:53ff:fe27:c38, fe80::e83f:e4ff:fee3:55c6, fe80::94ff:25ff:fe3f:a440, fe80::f80b:cdff:fe07:6823","02:42:7e:f6:95:aa, 02:42:9f:90:3a:38, 08:00:27:16:96:25, 08:00:27:64:75:a1, 36:77:0b:d2:4b:53, 96:ff:25:3f:a4:40, d2:80:53:27:0c:38, ea:3f:e4:e3:55:c6, fa:0b:cd:07:68:23",vagrant,jammy,debian,"5.15.0-30-generic",Ubuntu,Ubuntu,ubuntu,linux,"22.04 LTS (Jammy Jellyfish)",GET,"http://192.168.0.254/home","2.9KB",200,"1.1",log,"/var/log/nginx/access.log","-","1,745","-","192.168.0.102","-","-","192.168.0.102",nginx,"192.168.0.102","192.168.0.102","_geoip_database_unavailable_GeoLite2-City.mmdb, _geoip_database_unavailable_GeoLite2-ASN.mmdb",Firefox,"Mozilla/5.0 (Windows NT 10.0; Win64; x64; rv:107.0) Gecko/20100101 Firefox/107.0",Windows,"-","/","/","/",Other,Firefox,"Mozilla/5.0 (Windows NT 10.0; Win64; x64; rv:107.0) Gecko/20100101 Firefox/107.0","Mozilla/5.0 (Windows NT 10.0; Win64; x64; rv:107.0) Gecko/20100101 Firefox/107.0","Windows 10","Windows 10",Windows,Windows,10,"107.0."
"Oct 24, 2022 @ 09:05:11.000","67K9CoQB_uuaLSgiqsXV",".ds-filebeat-8.3.3-2022.09.27-000001","-","ad95561d-0629-40a6-b094-4180461523f4",vagrant,"7101e0c5-6c09-421a-8576-16c0dffbd6c2",vagrant,filebeat,"8.3.3","1.12.0",web,"Oct 24, 2022 @ 09:05:12.040","nginx.access","Oct 24, 2022 @ 09:05:13.044",event,nginx,"192.168.0.102 - - [24/Oct/2022:16:05:11 +0000] ""GET /stylesheets/style.css HTTP/1.1"" 304 0 ""http://192.168.0.254/"" ""Mozilla/5.0 (Windows NT 10.0; Win64; x64; rv:107.0) Gecko/20100101 Firefox/107.0"" ""-""",success,"+00:00",access,access,"x86_64",false,vagrant,b8dfaa1058004833be7bbd4cd6b06186,"10.0.2.15, fe80::a00:27ff:fe64:75a1, 192.168.50.2, fe80::a00:27ff:fe16:9625, 172.17.0.1, 172.18.0.1, fe80::42:9fff:fe90:3a38, fe80::3477:bff:fed2:4b53, fe80::d080:53ff:fe27:c38, fe80::e83f:e4ff:fee3:55c6, fe80::94ff:25ff:fe3f:a440, fe80::f80b:cdff:fe07:6823","02:42:7e:f6:95:aa, 02:42:9f:90:3a:38, 08:00:27:16:96:25, 08:00:27:64:75:a1, 36:77:0b:d2:4b:53, 96:ff:25:3f:a4:40, d2:80:53:27:0c:38, ea:3f:e4:e3:55:c6, fa:0b:cd:07:68:23",vagrant,jammy,debian,"5.15.0-30-generic",Ubuntu,Ubuntu,ubuntu,linux,"22.04 LTS (Jammy Jellyfish)",GET,"http://192.168.0.254/",0B,304,"1.1",log,"/var/log/nginx/access.log","-","1,933","-","192.168.0.102","-","-","192.168.0.102",nginx,"192.168.0.102","192.168.0.102","_geoip_database_unavailable_GeoLite2-City.mmdb, _geoip_database_unavailable_GeoLite2-ASN.mmdb",Firefox,"Mozilla/5.0 (Windows NT 10.0; Win64; x64; rv:107.0) Gecko/20100101 Firefox/107.0",Windows,css,"/stylesheets/style.css","/stylesheets/style.css","/stylesheets/style.css",Other,Firefox,"Mozilla/5.0 (Windows NT 10.0; Win64; x64; rv:107.0) Gecko/20100101 Firefox/107.0","Mozilla/5.0 (Windows NT 10.0; Win64; x64; rv:107.0) Gecko/20100101 Firefox/107.0","Windows 10","Windows 10",Windows,Windows,10,"107.0."
"Oct 24, 2022 @ 09:05:10.000","zbK9CoQB_uuaLSgipsXs",".ds-filebeat-8.3.3-2022.09.27-000001","-","ad95561d-0629-40a6-b094-4180461523f4",vagrant,"7101e0c5-6c09-421a-8576-16c0dffbd6c2",vagrant,filebeat,"8.3.3","1.12.0",web,"Oct 24, 2022 @ 09:05:11.039","nginx.access","Oct 24, 2022 @ 09:05:12.041",event,nginx,"192.168.0.102 - - [24/Oct/2022:16:05:10 +0000] ""POST /auth_login HTTP/1.1"" 302 54 ""http://192.168.0.254/"" ""Mozilla/5.0 (Windows NT 10.0; Win64; x64; rv:107.0) Gecko/20100101 Firefox/107.0"" ""-""",success,"+00:00",access,access,"x86_64",false,vagrant,b8dfaa1058004833be7bbd4cd6b06186,"10.0.2.15, fe80::a00:27ff:fe64:75a1, 192.168.50.2, fe80::a00:27ff:fe16:9625, 172.17.0.1, 172.18.0.1, fe80::42:9fff:fe90:3a38, fe80::3477:bff:fed2:4b53, fe80::d080:53ff:fe27:c38, fe80::e83f:e4ff:fee3:55c6, fe80::94ff:25ff:fe3f:a440, fe80::f80b:cdff:fe07:6823","02:42:7e:f6:95:aa, 02:42:9f:90:3a:38, 08:00:27:16:96:25, 08:00:27:64:75:a1, 36:77:0b:d2:4b:53, 96:ff:25:3f:a4:40, d2:80:53:27:0c:38, ea:3f:e4:e3:55:c6, fa:0b:cd:07:68:23",vagrant,jammy,debian,"5.15.0-30-generic",Ubuntu,Ubuntu,ubuntu,linux,"22.04 LTS (Jammy Jellyfish)",POST,"http://192.168.0.254/",54B,302,"1.1",log,"/var/log/nginx/access.log","-",967,"-","192.168.0.102","-","-","192.168.0.102",nginx,"192.168.0.102","192.168.0.102","_geoip_database_unavailable_GeoLite2-City.mmdb, _geoip_database_unavailable_GeoLite2-ASN.mmdb",Firefox,"Mozilla/5.0 (Windows NT 10.0; Win64; x64; rv:107.0) Gecko/20100101 Firefox/107.0",Windows,"-","/auth_login","/auth_login","/auth_login",Other,Firefox,"Mozilla/5.0 (Windows NT 10.0; Win64; x64; rv:107.0) Gecko/20100101 Firefox/107.0","Mozilla/5.0 (Windows NT 10.0; Win64; x64; rv:107.0) Gecko/20100101 Firefox/107.0","Windows 10","Windows 10",Windows,Windows,10,"107.0."
"Oct 24, 2022 @ 09:05:10.000","zrK9CoQB_uuaLSgipsXs",".ds-filebeat-8.3.3-2022.09.27-000001","-","ad95561d-0629-40a6-b094-4180461523f4",vagrant,"7101e0c5-6c09-421a-8576-16c0dffbd6c2",vagrant,filebeat,"8.3.3","1.12.0",web,"Oct 24, 2022 @ 09:05:11.039","nginx.access","Oct 24, 2022 @ 09:05:12.043",event,nginx,"192.168.0.102 - - [24/Oct/2022:16:05:10 +0000] ""GET /home HTTP/1.1"" 200 653 ""http://192.168.0.254/"" ""Mozilla/5.0 (Windows NT 10.0; Win64; x64; rv:107.0) Gecko/20100101 Firefox/107.0"" ""-""",success,"+00:00",access,access,"x86_64",false,vagrant,b8dfaa1058004833be7bbd4cd6b06186,"10.0.2.15, fe80::a00:27ff:fe64:75a1, 192.168.50.2, fe80::a00:27ff:fe16:9625, 172.17.0.1, 172.18.0.1, fe80::42:9fff:fe90:3a38, fe80::3477:bff:fed2:4b53, fe80::d080:53ff:fe27:c38, fe80::e83f:e4ff:fee3:55c6, fe80::94ff:25ff:fe3f:a440, fe80::f80b:cdff:fe07:6823","02:42:7e:f6:95:aa, 02:42:9f:90:3a:38, 08:00:27:16:96:25, 08:00:27:64:75:a1, 36:77:0b:d2:4b:53, 96:ff:25:3f:a4:40, d2:80:53:27:0c:38, ea:3f:e4:e3:55:c6, fa:0b:cd:07:68:23",vagrant,jammy,debian,"5.15.0-30-generic",Ubuntu,Ubuntu,ubuntu,linux,"22.04 LTS (Jammy Jellyfish)",GET,"http://192.168.0.254/",653B,200,"1.1",log,"/var/log/nginx/access.log","-","1,160","-","192.168.0.102","-","-","192.168.0.102",nginx,"192.168.0.102","192.168.0.102","_geoip_database_unavailable_GeoLite2-City.mmdb, _geoip_database_unavailable_GeoLite2-ASN.mmdb",Firefox,"Mozilla/5.0 (Windows NT 10.0; Win64; x64; rv:107.0) Gecko/20100101 Firefox/107.0",Windows,"-","/home","/home","/home",Other,Firefox,"Mozilla/5.0 (Windows NT 10.0; Win64; x64; rv:107.0) Gecko/20100101 Firefox/107.0","Mozilla/5.0 (Windows NT 10.0; Win64; x64; rv:107.0) Gecko/20100101 Firefox/107.0","Windows 10","Windows 10",Windows,Windows,10,"107.0."
"Oct 24, 2022 @ 09:05:10.000","z7K9CoQB_uuaLSgipsXs",".ds-filebeat-8.3.3-2022.09.27-000001","-","ad95561d-0629-40a6-b094-4180461523f4",vagrant,"7101e0c5-6c09-421a-8576-16c0dffbd6c2",vagrant,filebeat,"8.3.3","1.12.0",web,"Oct 24, 2022 @ 09:05:11.039","nginx.access","Oct 24, 2022 @ 09:05:12.043",event,nginx,"192.168.0.102 - - [24/Oct/2022:16:05:10 +0000] ""GET /stylesheets/style.css HTTP/1.1"" 304 0 ""http://192.168.0.254/home"" ""Mozilla/5.0 (Windows NT 10.0; Win64; x64; rv:107.0) Gecko/20100101 Firefox/107.0"" ""-""",success,"+00:00",access,access,"x86_64",false,vagrant,b8dfaa1058004833be7bbd4cd6b06186,"10.0.2.15, fe80::a00:27ff:fe64:75a1, 192.168.50.2, fe80::a00:27ff:fe16:9625, 172.17.0.1, 172.18.0.1, fe80::42:9fff:fe90:3a38, fe80::3477:bff:fed2:4b53, fe80::d080:53ff:fe27:c38, fe80::e83f:e4ff:fee3:55c6, fe80::94ff:25ff:fe3f:a440, fe80::f80b:cdff:fe07:6823","02:42:7e:f6:95:aa, 02:42:9f:90:3a:38, 08:00:27:16:96:25, 08:00:27:64:75:a1, 36:77:0b:d2:4b:53, 96:ff:25:3f:a4:40, d2:80:53:27:0c:38, ea:3f:e4:e3:55:c6, fa:0b:cd:07:68:23",vagrant,jammy,debian,"5.15.0-30-generic",Ubuntu,Ubuntu,ubuntu,linux,"22.04 LTS (Jammy Jellyfish)",GET,"http://192.168.0.254/home",0B,304,"1.1",log,"/var/log/nginx/access.log","-","1,347","-","192.168.0.102","-","-","192.168.0.102",nginx,"192.168.0.102","192.168.0.102","_geoip_database_unavailable_GeoLite2-City.mmdb, _geoip_database_unavailable_GeoLite2-ASN.mmdb",Firefox,"Mozilla/5.0 (Windows NT 10.0; Win64; x64; rv:107.0) Gecko/20100101 Firefox/107.0",Windows,css,"/stylesheets/style.css","/stylesheets/style.css","/stylesheets/style.css",Other,Firefox,"Mozilla/5.0 (Windows NT 10.0; Win64; x64; rv:107.0) Gecko/20100101 Firefox/107.0","Mozilla/5.0 (Windows NT 10.0; Win64; x64; rv:107.0) Gecko/20100101 Firefox/107.0","Windows 10","Windows 10",Windows,Windows,10,"107.0."
"Oct 24, 2022 @ 09:05:03.000","rbK9CoQB_uuaLSgii8WR",".ds-filebeat-8.3.3-2022.09.27-000001","-","ad95561d-0629-40a6-b094-4180461523f4",vagrant,"7101e0c5-6c09-421a-8576-16c0dffbd6c2",vagrant,filebeat,"8.3.3","1.12.0",web,"Oct 24, 2022 @ 09:05:04.037","nginx.access","Oct 24, 2022 @ 09:05:05.039",event,nginx,"192.168.0.102 - - [24/Oct/2022:16:05:03 +0000] ""POST /auth_login HTTP/1.1"" 302 46 ""http://192.168.0.254/"" ""Mozilla/5.0 (Windows NT 10.0; Win64; x64; rv:107.0) Gecko/20100101 Firefox/107.0"" ""-""",success,"+00:00",access,access,"x86_64",false,vagrant,b8dfaa1058004833be7bbd4cd6b06186,"10.0.2.15, fe80::a00:27ff:fe64:75a1, 192.168.50.2, fe80::a00:27ff:fe16:9625, 172.17.0.1, 172.18.0.1, fe80::42:9fff:fe90:3a38, fe80::3477:bff:fed2:4b53, fe80::d080:53ff:fe27:c38, fe80::e83f:e4ff:fee3:55c6, fe80::94ff:25ff:fe3f:a440, fe80::f80b:cdff:fe07:6823","02:42:7e:f6:95:aa, 02:42:9f:90:3a:38, 08:00:27:16:96:25, 08:00:27:64:75:a1, 36:77:0b:d2:4b:53, 96:ff:25:3f:a4:40, d2:80:53:27:0c:38, ea:3f:e4:e3:55:c6, fa:0b:cd:07:68:23",vagrant,jammy,debian,"5.15.0-30-generic",Ubuntu,Ubuntu,ubuntu,linux,"22.04 LTS (Jammy Jellyfish)",POST,"http://192.168.0.254/",46B,302,"1.1",log,"/var/log/nginx/access.log","-",388,"-","192.168.0.102","-","-","192.168.0.102",nginx,"192.168.0.102","192.168.0.102","_geoip_database_unavailable_GeoLite2-City.mmdb, _geoip_database_unavailable_GeoLite2-ASN.mmdb",Firefox,"Mozilla/5.0 (Windows NT 10.0; Win64; x64; rv:107.0) Gecko/20100101 Firefox/107.0",Windows,"-","/auth_login","/auth_login","/auth_login",Other,Firefox,"Mozilla/5.0 (Windows NT 10.0; Win64; x64; rv:107.0) Gecko/20100101 Firefox/107.0","Mozilla/5.0 (Windows NT 10.0; Win64; x64; rv:107.0) Gecko/20100101 Firefox/107.0","Windows 10","Windows 10",Windows,Windows,10,"107.0."
"Oct 24, 2022 @ 09:05:03.000","rrK9CoQB_uuaLSgii8WR",".ds-filebeat-8.3.3-2022.09.27-000001","-","ad95561d-0629-40a6-b094-4180461523f4",vagrant,"7101e0c5-6c09-421a-8576-16c0dffbd6c2",vagrant,filebeat,"8.3.3","1.12.0",web,"Oct 24, 2022 @ 09:05:04.037","nginx.access","Oct 24, 2022 @ 09:05:05.040",event,nginx,"192.168.0.102 - - [24/Oct/2022:16:05:03 +0000] ""GET / HTTP/1.1"" 200 3001 ""http://192.168.0.254/"" ""Mozilla/5.0 (Windows NT 10.0; Win64; x64; rv:107.0) Gecko/20100101 Firefox/107.0"" ""-""",success,"+00:00",access,access,"x86_64",false,vagrant,b8dfaa1058004833be7bbd4cd6b06186,"10.0.2.15, fe80::a00:27ff:fe64:75a1, 192.168.50.2, fe80::a00:27ff:fe16:9625, 172.17.0.1, 172.18.0.1, fe80::42:9fff:fe90:3a38, fe80::3477:bff:fed2:4b53, fe80::d080:53ff:fe27:c38, fe80::e83f:e4ff:fee3:55c6, fe80::94ff:25ff:fe3f:a440, fe80::f80b:cdff:fe07:6823","02:42:7e:f6:95:aa, 02:42:9f:90:3a:38, 08:00:27:16:96:25, 08:00:27:64:75:a1, 36:77:0b:d2:4b:53, 96:ff:25:3f:a4:40, d2:80:53:27:0c:38, ea:3f:e4:e3:55:c6, fa:0b:cd:07:68:23",vagrant,jammy,debian,"5.15.0-30-generic",Ubuntu,Ubuntu,ubuntu,linux,"22.04 LTS (Jammy Jellyfish)",GET,"http://192.168.0.254/","2.9KB",200,"1.1",log,"/var/log/nginx/access.log","-",581,"-","192.168.0.102","-","-","192.168.0.102",nginx,"192.168.0.102","192.168.0.102","_geoip_database_unavailable_GeoLite2-City.mmdb, _geoip_database_unavailable_GeoLite2-ASN.mmdb",Firefox,"Mozilla/5.0 (Windows NT 10.0; Win64; x64; rv:107.0) Gecko/20100101 Firefox/107.0",Windows,"-","/","/","/",Other,Firefox,"Mozilla/5.0 (Windows NT 10.0; Win64; x64; rv:107.0) Gecko/20100101 Firefox/107.0","Mozilla/5.0 (Windows NT 10.0; Win64; x64; rv:107.0) Gecko/20100101 Firefox/107.0","Windows 10","Windows 10",Windows,Windows,10,"107.0."
"Oct 24, 2022 @ 09:05:03.000","r7K9CoQB_uuaLSgii8WR",".ds-filebeat-8.3.3-2022.09.27-000001","-","ad95561d-0629-40a6-b094-4180461523f4",vagrant,"7101e0c5-6c09-421a-8576-16c0dffbd6c2",vagrant,filebeat,"8.3.3","1.12.0",web,"Oct 24, 2022 @ 09:05:04.037","nginx.access","Oct 24, 2022 @ 09:05:05.041",event,nginx,"192.168.0.102 - - [24/Oct/2022:16:05:03 +0000] ""GET /stylesheets/style.css HTTP/1.1"" 304 0 ""http://192.168.0.254/"" ""Mozilla/5.0 (Windows NT 10.0; Win64; x64; rv:107.0) Gecko/20100101 Firefox/107.0"" ""-""",success,"+00:00",access,access,"x86_64",false,vagrant,b8dfaa1058004833be7bbd4cd6b06186,"10.0.2.15, fe80::a00:27ff:fe64:75a1, 192.168.50.2, fe80::a00:27ff:fe16:9625, 172.17.0.1, 172.18.0.1, fe80::42:9fff:fe90:3a38, fe80::3477:bff:fed2:4b53, fe80::d080:53ff:fe27:c38, fe80::e83f:e4ff:fee3:55c6, fe80::94ff:25ff:fe3f:a440, fe80::f80b:cdff:fe07:6823","02:42:7e:f6:95:aa, 02:42:9f:90:3a:38, 08:00:27:16:96:25, 08:00:27:64:75:a1, 36:77:0b:d2:4b:53, 96:ff:25:3f:a4:40, d2:80:53:27:0c:38, ea:3f:e4:e3:55:c6, fa:0b:cd:07:68:23",vagrant,jammy,debian,"5.15.0-30-generic",Ubuntu,Ubuntu,ubuntu,linux,"22.04 LTS (Jammy Jellyfish)",GET,"http://192.168.0.254/",0B,304,"1.1",log,"/var/log/nginx/access.log","-",765,"-","192.168.0.102","-","-","192.168.0.102",nginx,"192.168.0.102","192.168.0.102","_geoip_database_unavailable_GeoLite2-City.mmdb, _geoip_database_unavailable_GeoLite2-ASN.mmdb",Firefox,"Mozilla/5.0 (Windows NT 10.0; Win64; x64; rv:107.0) Gecko/20100101 Firefox/107.0",Windows,css,"/stylesheets/style.css","/stylesheets/style.css","/stylesheets/style.css",Other,Firefox,"Mozilla/5.0 (Windows NT 10.0; Win64; x64; rv:107.0) Gecko/20100101 Firefox/107.0","Mozilla/5.0 (Windows NT 10.0; Win64; x64; rv:107.0) Gecko/20100101 Firefox/107.0","Windows 10","Windows 10",Windows,Windows,10,"107.0."
"Oct 24, 2022 @ 09:04:55.000","q7K9CoQB_uuaLSgih8XT",".ds-filebeat-8.3.3-2022.09.27-000001","-","ad95561d-0629-40a6-b094-4180461523f4",vagrant,"7101e0c5-6c09-421a-8576-16c0dffbd6c2",vagrant,filebeat,"8.3.3","1.12.0",web,"Oct 24, 2022 @ 09:05:03.036","nginx.access","Oct 24, 2022 @ 09:05:04.040",event,nginx,"192.168.0.102 - - [24/Oct/2022:16:04:55 +0000] ""GET / HTTP/1.1"" 200 2922 ""http://192.168.0.254/"" ""Mozilla/5.0 (Windows NT 10.0; Win64; x64; rv:107.0) Gecko/20100101 Firefox/107.0"" ""-""",success,"+00:00",access,access,"x86_64",false,vagrant,b8dfaa1058004833be7bbd4cd6b06186,"10.0.2.15, fe80::a00:27ff:fe64:75a1, 192.168.50.2, fe80::a00:27ff:fe16:9625, 172.17.0.1, 172.18.0.1, fe80::42:9fff:fe90:3a38, fe80::3477:bff:fed2:4b53, fe80::d080:53ff:fe27:c38, fe80::e83f:e4ff:fee3:55c6, fe80::94ff:25ff:fe3f:a440, fe80::f80b:cdff:fe07:6823","02:42:7e:f6:95:aa, 02:42:9f:90:3a:38, 08:00:27:16:96:25, 08:00:27:64:75:a1, 36:77:0b:d2:4b:53, 96:ff:25:3f:a4:40, d2:80:53:27:0c:38, ea:3f:e4:e3:55:c6, fa:0b:cd:07:68:23",vagrant,jammy,debian,"5.15.0-30-generic",Ubuntu,Ubuntu,ubuntu,linux,"22.04 LTS (Jammy Jellyfish)",GET,"http://192.168.0.254/","2.9KB",200,"1.1",log,"/var/log/nginx/access.log","-",0,"-","192.168.0.102","-","-","192.168.0.102",nginx,"192.168.0.102","192.168.0.102","_geoip_database_unavailable_GeoLite2-City.mmdb, _geoip_database_unavailable_GeoLite2-ASN.mmdb",Firefox,"Mozilla/5.0 (Windows NT 10.0; Win64; x64; rv:107.0) Gecko/20100101 Firefox/107.0",Windows,"-","/","/","/",Other,Firefox,"Mozilla/5.0 (Windows NT 10.0; Win64; x64; rv:107.0) Gecko/20100101 Firefox/107.0","Mozilla/5.0 (Windows NT 10.0; Win64; x64; rv:107.0) Gecko/20100101 Firefox/107.0","Windows 10","Windows 10",Windows,Windows,10,"107.0."
"Oct 24, 2022 @ 09:04:55.000","rLK9CoQB_uuaLSgih8XT",".ds-filebeat-8.3.3-2022.09.27-000001","-","ad95561d-0629-40a6-b094-4180461523f4",vagrant,"7101e0c5-6c09-421a-8576-16c0dffbd6c2",vagrant,filebeat,"8.3.3","1.12.0",web,"Oct 24, 2022 @ 09:05:03.036","nginx.access","Oct 24, 2022 @ 09:05:04.082",event,nginx,"192.168.0.102 - - [24/Oct/2022:16:04:55 +0000] ""GET /stylesheets/style.css HTTP/1.1"" 200 111 ""http://192.168.0.254/"" ""Mozilla/5.0 (Windows NT 10.0; Win64; x64; rv:107.0) Gecko/20100101 Firefox/107.0"" ""-""",success,"+00:00",access,access,"x86_64",false,vagrant,b8dfaa1058004833be7bbd4cd6b06186,"10.0.2.15, fe80::a00:27ff:fe64:75a1, 192.168.50.2, fe80::a00:27ff:fe16:9625, 172.17.0.1, 172.18.0.1, fe80::42:9fff:fe90:3a38, fe80::3477:bff:fed2:4b53, fe80::d080:53ff:fe27:c38, fe80::e83f:e4ff:fee3:55c6, fe80::94ff:25ff:fe3f:a440, fe80::f80b:cdff:fe07:6823","02:42:7e:f6:95:aa, 02:42:9f:90:3a:38, 08:00:27:16:96:25, 08:00:27:64:75:a1, 36:77:0b:d2:4b:53, 96:ff:25:3f:a4:40, d2:80:53:27:0c:38, ea:3f:e4:e3:55:c6, fa:0b:cd:07:68:23",vagrant,jammy,debian,"5.15.0-30-generic",Ubuntu,Ubuntu,ubuntu,linux,"22.04 LTS (Jammy Jellyfish)",GET,"http://192.168.0.254/",111B,200,"1.1",log,"/var/log/nginx/access.log","-",184,"-","192.168.0.102","-","-","192.168.0.102",nginx,"192.168.0.102","192.168.0.102","_geoip_database_unavailable_GeoLite2-City.mmdb, _geoip_database_unavailable_GeoLite2-ASN.mmdb",Firefox,"Mozilla/5.0 (Windows NT 10.0; Win64; x64; rv:107.0) Gecko/20100101 Firefox/107.0",Windows,css,"/stylesheets/style.css","/stylesheets/style.css","/stylesheets/style.css",Other,Firefox,"Mozilla/5.0 (Windows NT 10.0; Win64; x64; rv:107.0) Gecko/20100101 Firefox/107.0","Mozilla/5.0 (Windows NT 10.0; Win64; x64; rv:107.0) Gecko/20100101 Firefox/107.0","Windows 10","Windows 10",Windows,Windows,10,"107.0."
"Oct 24, 2022 @ 08:51:36.000","u7K0CoQB_uuaLSgidLID",".ds-filebeat-8.3.3-2022.09.27-000001","-","ad95561d-0629-40a6-b094-4180461523f4",vagrant,"7101e0c5-6c09-421a-8576-16c0dffbd6c2",vagrant,filebeat,"8.3.3","1.12.0",web,"Oct 24, 2022 @ 08:51:37.578","nginx.error","Oct 24, 2022 @ 08:55:09.168",event,nginx,"2022/10/24 15:51:36 [notice] 1#1: using the ""epoll"" event method","-","+00:00",error,error,"x86_64",false,vagrant,b8dfaa1058004833be7bbd4cd6b06186,"10.0.2.15, fe80::a00:27ff:fe64:75a1, 192.168.50.2, fe80::a00:27ff:fe16:9625","08:00:27:16:96:25, 08:00:27:64:75:a1",vagrant,jammy,debian,"5.15.0-30-generic",Ubuntu,Ubuntu,ubuntu,linux,"22.04 LTS (Jammy Jellyfish)","-","-","-","-","-",log,"/var/log/nginx/error.log",notice,0,"using the ""epoll"" event method","-",1,1,"-",nginx,"-","-","-","-","-","-","-","-","-","-","-","-","-","-","-","-","-","-","-","-"
"Oct 24, 2022 @ 08:51:36.000","vLK0CoQB_uuaLSgidLIF",".ds-filebeat-8.3.3-2022.09.27-000001","-","ad95561d-0629-40a6-b094-4180461523f4",vagrant,"7101e0c5-6c09-421a-8576-16c0dffbd6c2",vagrant,filebeat,"8.3.3","1.12.0",web,"Oct 24, 2022 @ 08:51:37.578","nginx.error","Oct 24, 2022 @ 08:55:09.182",event,nginx,"2022/10/24 15:51:36 [notice] 1#1: nginx/1.23.0","-","+00:00",error,error,"x86_64",false,vagrant,b8dfaa1058004833be7bbd4cd6b06186,"10.0.2.15, fe80::a00:27ff:fe64:75a1, 192.168.50.2, fe80::a00:27ff:fe16:9625","08:00:27:16:96:25, 08:00:27:64:75:a1",vagrant,jammy,debian,"5.15.0-30-generic",Ubuntu,Ubuntu,ubuntu,linux,"22.04 LTS (Jammy Jellyfish)","-","-","-","-","-",log,"/var/log/nginx/error.log",notice,65,"nginx/1.23.0","-",1,1,"-",nginx,"-","-","-","-","-","-","-","-","-","-","-","-","-","-","-","-","-","-","-","-"
"Oct 24, 2022 @ 08:51:36.000","vbK0CoQB_uuaLSgidLIF",".ds-filebeat-8.3.3-2022.09.27-000001","-","ad95561d-0629-40a6-b094-4180461523f4",vagrant,"7101e0c5-6c09-421a-8576-16c0dffbd6c2",vagrant,filebeat,"8.3.3","1.12.0",web,"Oct 24, 2022 @ 08:51:37.578","nginx.error","Oct 24, 2022 @ 08:55:09.183",event,nginx,"2022/10/24 15:51:36 [notice] 1#1: built by gcc 10.2.1 20210110 (Debian 10.2.1-6) ","-","+00:00",error,error,"x86_64",false,vagrant,b8dfaa1058004833be7bbd4cd6b06186,"10.0.2.15, fe80::a00:27ff:fe64:75a1, 192.168.50.2, fe80::a00:27ff:fe16:9625","08:00:27:16:96:25, 08:00:27:64:75:a1",vagrant,jammy,debian,"5.15.0-30-generic",Ubuntu,Ubuntu,ubuntu,linux,"22.04 LTS (Jammy Jellyfish)","-","-","-","-","-",log,"/var/log/nginx/error.log",notice,112,"built by gcc 10.2.1 20210110 (Debian 10.2.1-6) ","-",1,1,"-",nginx,"-","-","-","-","-","-","-","-","-","-","-","-","-","-","-","-","-","-","-","-"
"Oct 24, 2022 @ 08:51:36.000","vrK0CoQB_uuaLSgidLIF",".ds-filebeat-8.3.3-2022.09.27-000001","-","ad95561d-0629-40a6-b094-4180461523f4",vagrant,"7101e0c5-6c09-421a-8576-16c0dffbd6c2",vagrant,filebeat,"8.3.3","1.12.0",web,"Oct 24, 2022 @ 08:51:37.578","nginx.error","Oct 24, 2022 @ 08:55:09.183",event,nginx,"2022/10/24 15:51:36 [notice] 1#1: OS: Linux 5.15.0-30-generic","-","+00:00",error,error,"x86_64",false,vagrant,b8dfaa1058004833be7bbd4cd6b06186,"10.0.2.15, fe80::a00:27ff:fe64:75a1, 192.168.50.2, fe80::a00:27ff:fe16:9625","08:00:27:16:96:25, 08:00:27:64:75:a1",vagrant,jammy,debian,"5.15.0-30-generic",Ubuntu,Ubuntu,ubuntu,linux,"22.04 LTS (Jammy Jellyfish)","-","-","-","-","-",log,"/var/log/nginx/error.log",notice,194,"OS: Linux 5.15.0-30-generic","-",1,1,"-",nginx,"-","-","-","-","-","-","-","-","-","-","-","-","-","-","-","-","-","-","-","-"
"Oct 24, 2022 @ 08:51:36.000","v7K0CoQB_uuaLSgidLIF",".ds-filebeat-8.3.3-2022.09.27-000001","-","ad95561d-0629-40a6-b094-4180461523f4",vagrant,"7101e0c5-6c09-421a-8576-16c0dffbd6c2",vagrant,filebeat,"8.3.3","1.12.0",web,"Oct 24, 2022 @ 08:51:37.578","nginx.error","Oct 24, 2022 @ 08:55:09.184",event,nginx,"2022/10/24 15:51:36 [notice] 1#1: getrlimit(RLIMIT_NOFILE): 1048576:1048576","-","+00:00",error,error,"x86_64",false,vagrant,b8dfaa1058004833be7bbd4cd6b06186,"10.0.2.15, fe80::a00:27ff:fe64:75a1, 192.168.50.2, fe80::a00:27ff:fe16:9625","08:00:27:16:96:25, 08:00:27:64:75:a1",vagrant,jammy,debian,"5.15.0-30-generic",Ubuntu,Ubuntu,ubuntu,linux,"22.04 LTS (Jammy Jellyfish)","-","-","-","-","-",log,"/var/log/nginx/error.log",notice,256,"getrlimit(RLIMIT_NOFILE): 1048576:1048576","-",1,1,"-",nginx,"-","-","-","-","-","-","-","-","-","-","-","-","-","-","-","-","-","-","-","-"
"Oct 24, 2022 @ 08:51:36.000","wLK0CoQB_uuaLSgidLIF",".ds-filebeat-8.3.3-2022.09.27-000001","-","ad95561d-0629-40a6-b094-4180461523f4",vagrant,"7101e0c5-6c09-421a-8576-16c0dffbd6c2",vagrant,filebeat,"8.3.3","1.12.0",web,"Oct 24, 2022 @ 08:51:37.578","nginx.error","Oct 24, 2022 @ 08:55:09.184",event,nginx,"2022/10/24 15:51:36 [notice] 1#1: start worker processes","-","+00:00",error,error,"x86_64",false,vagrant,b8dfaa1058004833be7bbd4cd6b06186,"10.0.2.15, fe80::a00:27ff:fe64:75a1, 192.168.50.2, fe80::a00:27ff:fe16:9625","08:00:27:16:96:25, 08:00:27:64:75:a1",vagrant,jammy,debian,"5.15.0-30-generic",Ubuntu,Ubuntu,ubuntu,linux,"22.04 LTS (Jammy Jellyfish)","-","-","-","-","-",log,"/var/log/nginx/error.log",notice,332,"start worker processes","-",1,1,"-",nginx,"-","-","-","-","-","-","-","-","-","-","-","-","-","-","-","-","-","-","-","-"
"Oct 24, 2022 @ 08:51:36.000","wbK0CoQB_uuaLSgidLIF",".ds-filebeat-8.3.3-2022.09.27-000001","-","ad95561d-0629-40a6-b094-4180461523f4",vagrant,"7101e0c5-6c09-421a-8576-16c0dffbd6c2",vagrant,filebeat,"8.3.3","1.12.0",web,"Oct 24, 2022 @ 08:51:37.578","nginx.error","Oct 24, 2022 @ 08:55:09.185",event,nginx,"2022/10/24 15:51:36 [notice] 1#1: start worker process 22","-","+00:00",error,error,"x86_64",false,vagrant,b8dfaa1058004833be7bbd4cd6b06186,"10.0.2.15, fe80::a00:27ff:fe64:75a1, 192.168.50.2, fe80::a00:27ff:fe16:9625","08:00:27:16:96:25, 08:00:27:64:75:a1",vagrant,jammy,debian,"5.15.0-30-generic",Ubuntu,Ubuntu,ubuntu,linux,"22.04 LTS (Jammy Jellyfish)","-","-","-","-","-",log,"/var/log/nginx/error.log",notice,389,"start worker process 22","-",1,1,"-",nginx,"-","-","-","-","-","-","-","-","-","-","-","-","-","-","-","-","-","-","-","-"
"Oct 24, 2022 @ 08:51:36.000","37K1CoQB_uuaLSgiBbIt",".ds-filebeat-8.3.3-2022.09.27-000001","-","ad95561d-0629-40a6-b094-4180461523f4",vagrant,"7101e0c5-6c09-421a-8576-16c0dffbd6c2",vagrant,filebeat,"8.3.3","1.12.0",web,"Oct 24, 2022 @ 08:51:37.578","nginx.error","Oct 24, 2022 @ 08:55:46.348",event,nginx,"2022/10/24 15:51:36 [notice] 1#1: start worker process 23","-","+00:00",error,error,"x86_64",false,vagrant,b8dfaa1058004833be7bbd4cd6b06186,"10.0.2.15, fe80::a00:27ff:fe64:75a1, 192.168.50.2, fe80::a00:27ff:fe16:9625","08:00:27:16:96:25, 08:00:27:64:75:a1",vagrant,jammy,debian,"5.15.0-30-generic",Ubuntu,Ubuntu,ubuntu,linux,"22.04 LTS (Jammy Jellyfish)","-","-","-","-","-",log,"/var/log/nginx/error.log",notice,447,"start worker process 23","-",1,1,"-",nginx,"-","-","-","-","-","-","-","-","-","-","-","-","-","-","-","-","-","-","-","-"
